G_141, Tbb1125VSG-228, 0.0, 3.0, 98, AGG, TTCAAAGACAGCCAAACGAC, CATCACCAAACAGCAATCTCAATACTAAATCATAGAAACAGAAGCCAAAGAGGGAGAGCAACTCATTTTCACCCCTAGTGCCAACAATGGTCGCTAAGAAGTGCAGCGCAGCATTAAAGATAGTAATGTTAGTCGGTGCCGCACTGACACTACACCAACAACAAGCTCTAGCTCAGACCGCTGGTAGGCCCCTTGCAGATGCGGTAGGCAAAGCACTCTGCACTTATTCAAAGACAGCCAAACGACAGGCAGCAAACCTAGCCCAAGCTCTAGATCGCGGCATCACAGCAGCAAAAAAGTCGCAACAAGCGCAGCAGTTAGCGACGATAGCACTGGCGAAACTACCCCACTACAGAGAAGCAGCAGCGACGATCCTCATTTACGCCAAAAACAAAAGAGCAGAAGCAGAAGCAAACATCGAAAACTGGAAAGGCCAGAAAACCAAACTGGTGGGGCAGGCAATGTATTCCTCAGGCAGAATCGACGAGCTGAT
G_141, Tbb1125VSG-3110, 0.0, 0.0, 31, AGG, TTCAAAAACGGCCAAACGCC, ACAAGCTCTAGCTCAGACCGCTGGTAGGCCCCTTGCAGATGTGGTAGGCAAAACTCTATGTACTTATTCAAAAACGGCCAAACGCCAGGCAGCAAACCTGGCACAAACACTAGAACGAGCCAGCTCAGCAGCAAAGCAATCCAGACAAGCGCAGCAGTTAGCGGCTTTAGCCCTGGCGAAACTCCCAGAGTACAAAGAAGCAGCCGCGACGCTGTTAATTTACGTCATGATGAAAGTGGAAGCAGCACAAGCAAGCATCGAAAACTGGACAGGAGAGAAGACAAACTAGTAGAGCAGGCGATGTATTCCTCAGGCAGGATAGACGAGCTGATG
G_141, Tbb1125VSG-2986, 1.0, 2.0, 93, AGC, TTCAAAAACGGCGAAACGAC, CATCACCAAACCGCAATCTCAATACTAAATCATAGAAACAGAAGCCAAAGAGGGAGAGCCACTCATTTTCACCCCTAATACTGACAATGGTCGCCAAGGAGTGCAACGTAGCATTAAAAATCGTAATGCTAGTCGCTTCAGCACTGACACTACACACACAACAAGCTCTAGCTCAGACAGCTGGTAGGCCCCTTGCAGATGTGGTCGGCAAAGCTCTATGTACTTATTCAAAAACGGCGAAACGACAGCCAGCGAATCTAGCCCAAGCTCTAGATCGCGCCATCACAGCAGCAAAGAAATCGGAGCAAGCACAGGCGTTAGCAGCCGTTGCCCTGGCCAAGCTCCCAGACTATCAGCAAGAAGCCGGAACGCTGTTAATTTACGTCAGGATGAAAGTGGAAGCAGCACAAGCGAGCATCGAAAACTGGACAGGAGAAAAGACAAAACTGGTAGAGCAGGCGATGTATTCCTCAGGCGGGATAGACGAGCTGAT
G_141, Tbb1125VSG-4156, 0.0, 0.0, 20, AGG, TTCAAAAACGGCCAAACGCC, CATCACCAAACCGCAATCTCAATACTAAATCATAGAAACAGAAGCCAAAGAGGGAGAGCCACTCATTTCCACCCCTAATACTGGCAATGGTCACCAAGGAGCGAAACGCAGCATTAAAAATTGTAATGTTAGTCGCTTCAGCACTGACACTACACCCACAACAAGCTCTAGCTCAGACCGCTGGTAGGCCCCTTGCAGATGTGGTAGGCAAAACTCTATGTACTTATTCAAAAACGGCCAAACGCCAGGCAGCAAACCTGGCGCAAACACTACAACGAGCCAGCTCAGCAGCAAAGCAATCCAGACAAGCGCAGCAGTTAGCGGCTTTAGCACTGGCCAAACTGCCAGACTACAAAGAAGCAGCCGCGACACTGTTAATTTACGCCACGCACAAAATACAAGACGCGCAAGCCAGCATCGAAAACTGGACAGGAGAGAATACTAAGCTAGTTGGCCAGGCGATGTATTCCTCAGGGAGAATCGACGAACTGAT
G_300R, Tbb1125VSG-228, 1.0, 5.0, 95, CAG, CGACGATCCTCATTTACGCC, ATAGTAATGTTAGTCGGTGCCGCACTGACACTACACCAACAACAAGCTCTAGCTCAGACCGCTGGTAGGCCCCTTGCAGATGCGGTAGGCAAAGCACTCTGCACTTATTCAAAGACAGCCAAACGACAGGCAGCAAACCTAGCCCAAGCTCTAGATCGCGGCATCACAGCAGCAAAAAAGTCGCAACAAGCGCAGCAGTTAGCGACGATAGCACTGGCGAAACTACCCCACTACAGAGAAGCAGCAGCGACGATCCTCATTTACGCCAAAAACAAAAGAGCAGAAGCAGAAGCAAACATCGAAAACTGGAAAGGCCAGAAAACCAAACTGGTGGGGCAGGCAATGTATTCCTCAGGCAGAATCGACGAGCTGATGTTGATGCTAGAAGGCCACAGAGACGGACAATCAGCAGGGCAAACCAAAACTTGCCTAGGCGCAGCAGGAAACGGCAACACAGTAGATGAATTCGTCAAAACAGAGTGCGACACGGAACAAGACCA
G_300R, Tbb1125VSG-3110, 0.0, 2.0, 43, CCG, CGACGCTGTTAATTTACGTC, ACAAGCTCTAGCTCAGACCGCTGGTAGGCCCCTTGCAGATGTGGTAGGCAAAACTCTATGTACTTATTCAAAAACGGCCAAACGCCAGGCAGCAAACCTGGCACAAACACTAGAACGAGCCAGCTCAGCAGCAAAGCAATCCAGACAAGCGCAGCAGTTAGCGGCTTTAGCCCTGGCGAAACTCCCAGAGTACAAAGAAGCAGCCGCGACGCTGTTAATTTACGTCATGATGAAAGTGGAAGCAGCACAAGCAAGCATCGAAAACTGGACAGGAGAGAAGACAAACTAGTAGAGCAGGCGATGTATTCCTCAGGCAGGATAGACGAGCTGATGTTGCTCCTAGAAGGGCACCGGGAGGACGGACCGAGCGGTGCGGACAAAACTTTCCTAGGCGCGGCCGCCGGCGGCAATACAGTAAATGAATTCGTCAAAACAGAATGCGACACGGAACACGACCAC
G_300R, Tbb1125VSG-2986, 0.0, 4.0, 95, CCG, GAACGCTGTTAATTTACGTC, ATCGTAATGCTAGTCGCTTCAGCACTGACACTACACACACAACAAGCTCTAGCTCAGACAGCTGGTAGGCCCCTTGCAGATGTGGTCGGCAAAGCTCTATGTACTTATTCAAAAACGGCGAAACGACAGCCAGCGAATCTAGCCCAAGCTCTAGATCGCGCCATCACAGCAGCAAAGAAATCGGAGCAAGCACAGGCGTTAGCAGCCGTTGCCCTGGCCAAGCTCCCAGACTATCAGCAAGAAGCCGGAACGCTGTTAATTTACGTCAGGATGAAAGTGGAAGCAGCACAAGCGAGCATCGAAAACTGGACAGGAGAAAAGACAAAACTGGTAGAGCAGGCGATGTATTCCTCAGGCGGGATAGACGAGCTGATGTTGCTCCTAGAAGGGCACCGGGAGGACCGGGCGAACGGCGCCGACAAAACCTGCCTAGGCGCAGCAACAAGCGGAAACACAGTCGCTGAATTCGTCAAAAGAAATTGCGATACGGAAAATGATCA
G_300R, Tbb1125VSG-4156, 0.0, 0.0, 1, CCG, CGACACTGTTAATTTACGCC, ATTGTAATGTTAGTCGCTTCAGCACTGACACTACACCCACAACAAGCTCTAGCTCAGACCGCTGGTAGGCCCCTTGCAGATGTGGTAGGCAAAACTCTATGTACTTATTCAAAAACGGCCAAACGCCAGGCAGCAAACCTGGCGCAAACACTACAACGAGCCAGCTCAGCAGCAAAGCAATCCAGACAAGCGCAGCAGTTAGCGGCTTTAGCACTGGCCAAACTGCCAGACTACAAAGAAGCAGCCGCGACACTGTTAATTTACGCCACGCACAAAATACAAGACGCGCAAGCCAGCATCGAAAACTGGACAGGAGAGAATACTAAGCTAGTTGGCCAGGCGATGTATTCCTCAGGGAGAATCGACGAACTGATGTTGCTACTAGAAGGGCACCGAGAGGACGGCGCGAACGGACAGGACAAAACTTGCCTAGGCGCGGCCGCCGGCGGCAATACAGTAAATGAATTCGTCAAAACAGAATGCGACACGGAAAGCGGCCA
G_592, Tbb1125VSG-228, 0.0, 5.0, 132, CGG, AATAGAGACCCGGAAGCAGG, AACTGGTGGGGCAGGCAATGTATTCCTCAGGCAGAATCGACGAGCTGATGTTGATGCTAGAAGGCCACAGAGACGGACAATCAGCAGGGCAAACCAAAACTTGCCTAGGCGCAGCAGGAAACGGCAACACAGTAGATGAATTCGTCAAAACAGAGTGCGACACGGAACAAGACCACAACATCAACGCCGACGAATCAGACATAGAACAAGCGGCAGCAACCCTAAGCCAGGAAAATAGAGACCCGGAAGCAGGCGGCGGAACCAACTGCAAGATCACAGGCAACCTTGCCAGCGACTACGACAGTCATCCAAATGATCTGAGTTTGCTAGGCGGACTGCTAACAATACACAATGGGGGCGGCTTTAAGGCAACGACAACAATAAAAACCGCGGCGGCGGGCAACAAACTAATCAGCGCCCTCGCGAGCAAGGTTAACGACATCGCTGCTAACCTCAAAGCACACACGGAATCGGCACCAACGACCAAACAAGAACTCAAG
G_592, Tbb1125VSG-3110, 2.0, 18.0, 70, GGC, GTACAGACCCAGAGGCAGCC, ACTAGTAGAGCAGGCGATGTATTCCTCAGGCAGGATAGACGAGCTGATGTTGCTCCTAGAAGGGCACCGGGAGGACGGACCGAGCGGTGCGGACAAAACTTTCCTAGGCGCGGCCGCCGGCGGCAATACAGTAAATGAATTCGTCAAAACAGAATGCGACACGGAACACGACCACAACATCGAGGCAGACAACTCAAACATAGGGCAAGCGGCGACGACTCTAAGCCAAGAAAGTACAGACCCAGAGGCAGCCGGCAGAAGCGACTGCAAGGTCACAACCAACCTTGCTAGCGACTACGACAGCCATGCGAATGAACTACCGCTACTCGGCGGACTGCTAACCATACACAATGGGGGCGGCTTCAAAAGCGGTCAGACCATACAAACTACAGCAACCACGAACAAGCTAATCAGCGCACTCAAAAATAAGGGCGCCGGTGTCGCCGAGAGCCTAAAAACTGTAACAGCGGCAGCACCTACAAACAAACAGGAGTTCAAGA
G_592, Tbb1125VSG-2986, 0.0, 5.0, 104, CGG, AGCACAGACACAGAGGCAGG, AACTGGTAGAGCAGGCGATGTATTCCTCAGGCGGGATAGACGAGCTGATGTTGCTCCTAGAAGGGCACCGGGAGGACCGGGCGAACGGCGCCGACAAAACCTGCCTAGGCGCAGCAACAAGCGGAAACACAGTCGCTGAATTCGTCAAAAGAAATTGCGATACGGAAAATGATCACGACATCAGCGCGGACAACTCAGACATAGGCCAAGCGGCGGCAGATCTAAGCCAAGCAAGCACAGACACAGAGGCAGGCGGCGGAAGCAACTGCAAAATAACAGCAAACCTTGCCAGCGACTACGACAGTCATGCGAATGAACTAACGCTACTCGGCGGGCTGCTAATCATACACAATGAAGGTGGCTTTAAAAGCGGTCAAACCATAAAAACCGCAGCAACCGCGAACAAGCTAATCAGCGCCCTCAAAAATAAAGGAACCAGCGTTGCCAAGAGCCTAAAAACAGTAACAGCGGCAGCACCTACAAACAAACAGGAGTTCAAG
G_592, Tbb1125VSG-4156, 0.0, 0.0, 0, CGG, AGTACAGACCCAGAAGCCAG, AGCTAGTTGGCCAGGCGATGTATTCCTCAGGGAGAATCGACGAACTGATGTTGCTACTAGAAGGGCACCGAGAGGACGGCGCGAACGGACAGGACAAAACTTGCCTAGGCGCGGCCGCCGGCGGCAATACAGTAAATGAATTCGTCAAAACAGAATGCGACACGGAAAGCGGCCACAACATCGAGGCAGACAACTCAAACATAGGGCAAGCGGCAACGACTCTAAGCCAAGAAAGTACAGACCCAGAAGCCAGCGGAGGCGCAAGCTGCAAAATAACAGCAAACCTTGCCACTGACTACGACAGCCATGCGAATGAGTTACCGCTACTCGGCGGCCTGCTAACCATACACAACGCAGGCGGCTTCAAAACAGGACAAAGCTTGCAAACCGCAGCACCAACCAACAAGCTAATCAGCGCACTCAAAAATAAGGGCGCCGGTGTCGCAGCTAAACTGGCAACTGTAACGTCGGCAGCACCTACAAGCAAGCAGGAACTCAAA
G_792, Tbb1125VSG-228, 2.0, 8.0, 130, TCA, TAACGACATCGCTGCTAACC, ATAGAACAAGCGGCAGCAACCCTAAGCCAGGAAAATAGAGACCCGGAAGCAGGCGGCGGAACCAACTGCAAGATCACAGGCAACCTTGCCAGCGACTACGACAGTCATCCAAATGATCTGAGTTTGCTAGGCGGACTGCTAACAATACACAATGGGGGCGGCTTTAAGGCAACGACAACAATAAAAACCGCGGCGGCGGGCAACAAACTAATCAGCGCCCTCGCGAGCAAGGTTAACGACATCGCTGCTAACCTCAAAGCACACACGGAATCGGCACCAACGACCAAACAAGAACTCAAGACACTACTGGGCAGCAAAGGAGCACGGAGCAAGCTAGAAGCAGCCAACGACGAGTACAATAGCTGGGAAGCAGGAAAAAAGCCTGTAAACTTCGACGAGCACATCAAAAAAGTGTTCGGCGCGGAAGACGGCAAAGACAGCGCCTATGCCCTTGCACTTGAAGGGATATCCATTGAAGTTCCACAAAAACCAGGGACCAC
G_792, Tbb1125VSG-3110, 3.0, 17.0, 70, AAA, GCCGGTGTCGCCGAGAGCCT, TAGGGCAAGCGGCGACGACTCTAAGCCAAGAAAGTACAGACCCAGAGGCAGCCGGCAGAAGCGACTGCAAGGTCACAACCAACCTTGCTAGCGACTACGACAGCCATGCGAATGAACTACCGCTACTCGGCGGACTGCTAACCATACACAATGGGGGCGGCTTCAAAAGCGGTCAGACCATACAAACTACAGCAACCACGAACAAGCTAATCAGCGCACTCAAAAATAAGGGCGCCGGTGTCGCCGAGAGCCTAAAAACTGTAACAGCGGCAGCACCTACAAACAAACAGGAGTTCAAGACACTACTGGCCTCAAAAGCCGAGCGTGCCAAACTGCAAGCAGCGAACGAAGAGTATAATAACTGGAAACCAGGCGCCAAGCCCGCGGACTTCGATGCCCACATCAAAAAAGTGTTCGGCGCGGAAGACAACAAAGACAGCGCCTATGCCCTTGCACTTGAAGGGATATCCATTGAGGTTCCCCTCGGAGGAGGACAAACA
G_792, Tbb1125VSG-2986, 2.0, 11.0, 73, TAA, AACCAGCGTTGCCAAGAGCC, ATAGGCCAAGCGGCGGCAGATCTAAGCCAAGCAAGCACAGACACAGAGGCAGGCGGCGGAAGCAACTGCAAAATAACAGCAAACCTTGCCAGCGACTACGACAGTCATGCGAATGAACTAACGCTACTCGGCGGGCTGCTAATCATACACAATGAAGGTGGCTTTAAAAGCGGTCAAACCATAAAAACCGCAGCAACCGCGAACAAGCTAATCAGCGCCCTCAAAAATAAAGGAACCAGCGTTGCCAAGAGCCTAAAAACAGTAACAGCGGCAGCACCTACAAACAAACAGGAGTTCAAGACACTACTGGCTTCGAAAGGGGAGCGTGCAAAACTCCAAGCAGCCAACGACGAGTATAATAACTGGAAACCAGGCGCCAAGCCTGTGGACTTCGATGCCCACATCAAGAAAGTGTTCGGCGCAGAAGACGGAAAAGACAGCGCCTATGCCATTGCACTTGAAGGGATATCCATTGAGGTTCCCCACGGAGCAAGGAAAAC
G_792, Tbb1125VSG-7358, 2.0, 6.0, 58, TAA, AGCCGGTGTCGCCGAGAGCC, GCGGCTCTACCGCTACTCGGCGGACTGCTAACCATACACAATGGGGGCGGCTTCAAAAACGGCCAGACCATACAAACCACAGCAACCACGAACAAGCTAATCAGCGCACTTAAAAATAAAGGAGCCGGTGTCGCCGAGAGCCTAAAAACTGTAACATCGGCAGCACCTACAAACAAGCAGGAGCTCAAGACACTACTGGCTTCAAAAGGGTAGCGTACCAAACTCCAAGCAGCCAACGACGAGTATAATAACTGGAAACCAGGCGCCAACCTTGAGGACTTCGATGCCCACATCAAGAAAGTGTTCGGCGCAGAAGACAGCAAAGACAGCGCCTATGCCATTGCACGTGAAGGGATATACATTAAAGTTCCAACTAAAGCAGGGAAAAC
G_792, Tbb1125VSG-4156, 0.0, 0.0, 0, TGG, CGCCGGTGTCGCAGCTAAAC, ATAGGGCAAGCGGCAACGACTCTAAGCCAAGAAAGTACAGACCCAGAAGCCAGCGGAGGCGCAAGCTGCAAAATAACAGCAAACCTTGCCACTGACTACGACAGCCATGCGAATGAGTTACCGCTACTCGGCGGCCTGCTAACCATACACAACGCAGGCGGCTTCAAAACAGGACAAAGCTTGCAAACCGCAGCACCAACCAACAAGCTAATCAGCGCACTCAAAAATAAGGGCGCCGGTGTCGCAGCTAAACTGGCAACTGTAACGTCGGCAGCACCTACAAGCAAGCAGGAACTCAAAACACTACTGGCTTCGAAAGGGGAACGCGCCAAACTCCAAGCAGCCAACGACGAGTATAATAACTGGAAACCAGGCGCCAAGCCTGAGGACTTCGACGCCCACATCAAGAAAGTGTTCGGCGCAGAAGACGGCAAAGACAGCGCCTATGCCATTGCACTTGAAGGAATATCCATTGAGGTTCCCCTCGGAGGAGGACAAAC
G_909R, Tbb1125VSG-228, 1.0, 3.0, 116, GCA, AGCTAGAAGCAGCCAACGAC, CTTGCCAGCGACTACGACAGTCATCCAAATGATCTGAGTTTGCTAGGCGGACTGCTAACAATACACAATGGGGGCGGCTTTAAGGCAACGACAACAATAAAAACCGCGGCGGCGGGCAACAAACTAATCAGCGCCCTCGCGAGCAAGGTTAACGACATCGCTGCTAACCTCAAAGCACACACGGAATCGGCACCAACGACCAAACAAGAACTCAAGACACTACTGGGCAGCAAAGGAGCACGGAGCAAGCTAGAAGCAGCCAACGACGAGTACAATAGCTGGGAAGCAGGAAAAAAGCCTGTAAACTTCGACGAGCACATCAAAAAAGTGTTCGGCGCGGAAGACGGCAAAGACAGCGCCTATGCCCTTGCACTTGAAGGGATATCCATTGAAGTTCCACAAAAACCAGGGACCACAGAAAGCAAACAACTCTATTCCATGCAGCCAAAAGACCTAATGGCAGCTTTAATAGGAACCATAGCAGAAATACAAAAAGCCGC
G_909R, Tbb1125VSG-3110, 1.0, 15.0, 56, CAA, ACTGCAAGCAGCGAACGAAG, TTGCTAGCGACTACGACAGCCATGCGAATGAACTACCGCTACTCGGCGGACTGCTAACCATACACAATGGGGGCGGCTTCAAAAGCGGTCAGACCATACAAACTACAGCAACCACGAACAAGCTAATCAGCGCACTCAAAAATAAGGGCGCCGGTGTCGCCGAGAGCCTAAAAACTGTAACAGCGGCAGCACCTACAAACAAACAGGAGTTCAAGACACTACTGGCCTCAAAAGCCGAGCGTGCCAAACTGCAAGCAGCGAACGAAGAGTATAATAACTGGAAACCAGGCGCCAAGCCCGCGGACTTCGATGCCCACATCAAAAAAGTGTTCGGCGCGGAAGACAACAAAGACAGCGCCTATGCCCTTGCACTTGAAGGGATATCCATTGAGGTTCCCCTCGGAGGAGGACAAACACAAAACAAACAACTCTATTCCATGCAGCCAAAAGACCTAATGGCAGCTTTAATAGGAACGATAGCAGAACTCCAAACAGCCGCA
G_909R, Tbb1125VSG-2986, 1.0, 0.0, 65, CAA, AACTCCAAGCAGCCAACGAC, CTTGCCAGCGACTACGACAGTCATGCGAATGAACTAACGCTACTCGGCGGGCTGCTAATCATACACAATGAAGGTGGCTTTAAAAGCGGTCAAACCATAAAAACCGCAGCAACCGCGAACAAGCTAATCAGCGCCCTCAAAAATAAAGGAACCAGCGTTGCCAAGAGCCTAAAAACAGTAACAGCGGCAGCACCTACAAACAAACAGGAGTTCAAGACACTACTGGCTTCGAAAGGGGAGCGTGCAAAACTCCAAGCAGCCAACGACGAGTATAATAACTGGAAACCAGGCGCCAAGCCTGTGGACTTCGATGCCCACATCAAGAAAGTGTTCGGCGCAGAAGACGGAAAAGACAGCGCCTATGCCATTGCACTTGAAGGGATATCCATTGAGGTTCCCCACGGAGCAAGGAAAACAGAAAGCAAACAACTTTATTCCATGCAGCCAAAAGGCCTAATGGCAGCTTAAATAGGAACCATAGCAGAACTTCAAACAGCCGC
G_909R, Tbb1125VSG-7358, 0.0, 0.0, 64, CCA, AACTCCAAGCAGCCAACGAC, GCGGCTCTACCGCTACTCGGCGGACTGCTAACCATACACAATGGGGGCGGCTTCAAAAACGGCCAGACCATACAAACCACAGCAACCACGAACAAGCTAATCAGCGCACTTAAAAATAAAGGAGCCGGTGTCGCCGAGAGCCTAAAAACTGTAACATCGGCAGCACCTACAAACAAGCAGGAGCTCAAGACACTACTGGCTTCAAAAGGGTAGCGTACCAAACTCCAAGCAGCCAACGACGAGTATAATAACTGGAAACCAGGCGCCAACCTTGAGGACTTCGATGCCCACATCAAGAAAGTGTTCGGCGCAGAAGACAGCAAAGACAGCGCCTATGCCATTGCACGTGAAGGGATATACATTAAAGTTCCAACTAAAGCAGGGAAAACAGAAAGCAGACAACTCTATTCCATGCAGCCAAAAGACTTAATGACAGCTTTAATAGGAACCATAGCAGAACTCCAAACAGCCGC
G_909R, Tbb1125VSG-4156, 0.0, 0.0, 0, CCA, AACTCCAAGCAGCCAACGAC, CTTGCCACTGACTACGACAGCCATGCGAATGAGTTACCGCTACTCGGCGGCCTGCTAACCATACACAACGCAGGCGGCTTCAAAACAGGACAAAGCTTGCAAACCGCAGCACCAACCAACAAGCTAATCAGCGCACTCAAAAATAAGGGCGCCGGTGTCGCAGCTAAACTGGCAACTGTAACGTCGGCAGCACCTACAAGCAAGCAGGAACTCAAAACACTACTGGCTTCGAAAGGGGAACGCGCCAAACTCCAAGCAGCCAACGACGAGTATAATAACTGGAAACCAGGCGCCAAGCCTGAGGACTTCGACGCCCACATCAAGAAAGTGTTCGGCGCAGAAGACGGCAAAGACAGCGCCTATGCCATTGCACTTGAAGGAATATCCATTGAGGTTCCCCTCGGAGGAGGACAAACACAAAACAAACAACTCTATTCCATGCAGCCAAAAGACCTAATGGCAGCTTTAATAGGAACGATAGCAGAACTCCAAACAGCCGC
G_1357, Tbb1125VSG-228, 1.0, 8.0, 119, AGA, GCAACAACTGATAAGTGTAA, CAGAAATACAAAAAGCCGCAGCGACAAAAGCACCATGCCCAAAGCATAAACTGACAAGCGCTGAAAGTGACGCCCTATGCAGTAAAATAAAGGATGCAAACGAATGCAACAGCAAGCCTTTCTGCAGTTATAACAGCACCGAAACTGACACAGCTAAAAAGTGCCAATTTAATGAAACCAAAGCTGACAAAAGTGGAGTTTCGTTGCCTAAAACCGGACCTACCGGTACTGAAGCAACAACTGATAAGTGTAAAGATAAGACAAAAGATGAGTGCAAATCTCCGAATTGTAAATGGGAGGGCGAAACTTGCAAAGATTCCTCTATTCTAGTAAACAAACAATTCGCCCTCAGCATGGTTTCTGCTGCCTTTATCGGTTTGATATCATTTTAGAATTGTAAGGATTTTTATAAATTTTATGAGTTACGAAAACTTATTATTTTGAGAAACTTCTTA
G_1357, Tbb1125VSG-3110, 2.0, 13.0, 117, GGC, CAACAACAGAGAAATGCAAA, AGAACTCCAAACAGCCGCAGCGACGAAACCAGCATGCCCAGGCCATAAACAAACAACCACTGAAAGTGACGCCCTATGCAGTAAAATAAAGGATGCAAACGAATGCAACAGCAAGCATTTCTGCAGTTATAACGGCACCGAAACTGACTCAGCTAAAAAGTGCAAATTTAATGCCTCAAAAGCTTCAGCAAGTGGTGCCCCTGTAACACAAAGTCAAACCGGAGGGAGTGAAACAACAACAGAGAAATGCAAAGGCAAGAAAAAGGATGACTGCAAATCTCCGGATTGTAAATGGGAAGGCGAAACTTGCAGAGACTCTAGTTTCTCATAAATAAGAAATTTTCTCTGATAGCTGCTGCTTTGTGAATTTGGTGGTATTTTAGAATTTTAATGATTTTTATGCAATTTTATGAAAATTTATGAAAATTTTCTATTTCGAGATAATTTAAAATATT
G_1357, Tbb1125VSG-2986, 0.0, 6.0, 72, AGG, ACAACAACAGAGAAATGCAA, CAGAACTTCAAACAGCCGCAGCGACGAACACAGTTTGGCCAAAACATAAACAAACAACCACTGAAAGTGACGCTTTATGCAGTAAAATTAAGGACGCAAACAAATGCAGCAGCAAGCCTTTCTGCAGTTATAACGGCACAGAAACTGAATCAGCTAAAAAATGCAAATTTAATGCGACAAAAGCTGAAAACTCCGGCGCTTCTGTAACACAAAGTCAAACCGGAGGGAGTGAAACAACAACAGAGAAATGCAAAGGCAAGAAAAAGCAGGAGGACTGCAAATCTCCG
G_1357, Tbb1125VSG-7358, 1.0, 12.0, 121, GGG, CTGCAACAGGAAATCGCAAA, CAGAACTCCAAACAGCCGCAGCGACGAAACCAACATGCCCAGACCATAAACGGGCAACCACTGAAAGTGACGCCCAATGCAGTAAAATAAAGGATGAAAACGAATGCAACAGCAAGCATTTCTGCAGTTATAACGGCACCGAAACTGACTCAACTAAAAAATGCAAATTTGATGCCAAAAAAGCCACATCAAATAGTGTCTCTGTAACACAAACTCAAACTGGAGGACAGAAACTGCAACAGGAAATCGCAAAGGGAAAGAACAAAAAGACTGCAAATCTGCGGATTGTAAATGGGAGAGAACAGATTGCAAAGATTTCAGCATTCTCGTCAATAAGAAATTGGCTCTGAGTATGGCTGCTGCTTTTGTTAGTTTTGCGGCAATTTAAAATTCTATAATTTTAAGGATATTTGCTCAATTTTGCAATATTTATGAAATTTCTTGTTTTGGGAGAA
G_1357, Tbb1125VSG-4156, 2.0, 9.0, 126, GAG, ACAACAACATGGAATTTCAA, CAGAACTCCAAACAGCCGCAGCAACCAAACCAGCATGCCCAGGCCATAAACAAACAACCACGGAAAGTGACGCCCTATGCAGTAAAATAAAGGATGCAAACGAATGCAACAGCAAGCATTTCTGCAGTTATAACGGCACCGAAACTGACTCAGCTAAAAAGTGCAAATTTAATGCAACAAAAGCTTCAGCAAGTGATGCCCCTGTAACACAAGGTCAAACTGGAGGGAGTGAAACAACAACATGGAATTTCAAGAGGAAACTACAAGAAGAATGCACCAAGGCTCCAGAATGCAAATGGGAAAATAACGCTTTCAAAGATTCCATTTTTATGGTCAATAATAAATTGGCTCCAGTTGTTTATGGCTTTACGAGTTTTGTGGTATTTTCAAAATTATAGTGAATTTTTTTGCTTAATTTTATAAAATTTATAAAATATTTTATAACTTGATATATT
