G_141, Tbb1125VSG-228, 0.0, 3.0, 107, AGG, TTCAAAGACAGCCAAACGAC, CATCACCAAACAGCAATCTCAATACTAAATCATAGAAACAGAAGCCAAAGAGGGAGAGCAACTCATTTTCACCCCTAGTGCCAACAATGGTCGCTAAGAAGTGCAGCGCAGCATTAAAGATAGTAATGTTAGTCGGTGCCGCACTGACACTACACCAACAACAAGCTCTAGCTCAGACCGCTGGTAGGCCCCTTGCAGATGCGGTAGGCAAAGCACTCTGCACTTATTCAAAGACAGCCAAACGACAGGCAGCAAACCTAGCCCAAGCTCTAGATCGCGGCATCACAGCAGCAAAAAAGTCGCAACAAGCGCAGCAGTTAGCGACGATAGCACTGGCGAAACTACCCCACTACAGAGAAGCAGCAGCGACGATCCTCATTTACGCCAAAAACAAAAGAGCAGAAGCAGAAGCAAACATCGAAAACTGGAAAGGCCAGAAAACCAAACTGGTGGGGCAGGCAATGTATTCCTCAGGCAGAATCGACGAGCTGAT, 
G_141, Tbb1125VSG-3110, 0.0, 0.0, 62, AGG, TTCAAAAACGGCCAAACGCC, ACAAGCTCTAGCTCAGACCGCTGGTAGGCCCCTTGCAGATGTGGTAGGCAAAACTCTATGTACTTATTCAAAAACGGCCAAACGCCAGGCAGCAAACCTGGCACAAACACTAGAACGAGCCAGCTCAGCAGCAAAGCAATCCAGACAAGCGCAGCAGTTAGCGGCTTTAGCCCTGGCGAAACTCCCAGAGTACAAAGAAGCAGCCGCGACGCTGTTAATTTACGTCATGATGAAAGTGGAAGCAGCACAAGCAAGCATCGAAAACTGGACAGGAGAGAAGACAAACTAGTAGAGCAGGCGATGTATTCCTCAGGCAGGATAGACGAGCTGATG, 
G_141, Tbb1125VSG-2986, 1.0, 2.0, 101, AGC, TTCAAAAACGGCGAAACGAC, CATCACCAAACCGCAATCTCAATACTAAATCATAGAAACAGAAGCCAAAGAGGGAGAGCCACTCATTTTCACCCCTAATACTGACAATGGTCGCCAAGGAGTGCAACGTAGCATTAAAAATCGTAATGCTAGTCGCTTCAGCACTGACACTACACACACAACAAGCTCTAGCTCAGACAGCTGGTAGGCCCCTTGCAGATGTGGTCGGCAAAGCTCTATGTACTTATTCAAAAACGGCGAAACGACAGCCAGCGAATCTAGCCCAAGCTCTAGATCGCGCCATCACAGCAGCAAAGAAATCGGAGCAAGCACAGGCGTTAGCAGCCGTTGCCCTGGCCAAGCTCCCAGACTATCAGCAAGAAGCCGGAACGCTGTTAATTTACGTCAGGATGAAAGTGGAAGCAGCACAAGCGAGCATCGAAAACTGGACAGGAGAAAAGACAAAACTGGTAGAGCAGGCGATGTATTCCTCAGGCGGGATAGACGAGCTGAT, 
G_141, Tbb1125VSG-4156, 0.0, 0.0, 27, AGG, TTCAAAAACGGCCAAACGCC, CATCACCAAACCGCAATCTCAATACTAAATCATAGAAACAGAAGCCAAAGAGGGAGAGCCACTCATTTCCACCCCTAATACTGGCAATGGTCACCAAGGAGCGAAACGCAGCATTAAAAATTGTAATGTTAGTCGCTTCAGCACTGACACTACACCCACAACAAGCTCTAGCTCAGACCGCTGGTAGGCCCCTTGCAGATGTGGTAGGCAAAACTCTATGTACTTATTCAAAAACGGCCAAACGCCAGGCAGCAAACCTGGCGCAAACACTACAACGAGCCAGCTCAGCAGCAAAGCAATCCAGACAAGCGCAGCAGTTAGCGGCTTTAGCACTGGCCAAACTGCCAGACTACAAAGAAGCAGCCGCGACACTGTTAATTTACGCCACGCACAAAATACAAGACGCGCAAGCCAGCATCGAAAACTGGACAGGAGAGAATACTAAGCTAGTTGGCCAGGCGATGTATTCCTCAGGGAGAATCGACGAACTGAT, 
G_300R, Tbb1125VSG-228, 1.0, 5.0, 99, CAG, CGACGATCCTCATTTACGCC, ATAGTAATGTTAGTCGGTGCCGCACTGACACTACACCAACAACAAGCTCTAGCTCAGACCGCTGGTAGGCCCCTTGCAGATGCGGTAGGCAAAGCACTCTGCACTTATTCAAAGACAGCCAAACGACAGGCAGCAAACCTAGCCCAAGCTCTAGATCGCGGCATCACAGCAGCAAAAAAGTCGCAACAAGCGCAGCAGTTAGCGACGATAGCACTGGCGAAACTACCCCACTACAGAGAAGCAGCAGCGACGATCCTCATTTACGCCAAAAACAAAAGAGCAGAAGCAGAAGCAAACATCGAAAACTGGAAAGGCCAGAAAACCAAACTGGTGGGGCAGGCAATGTATTCCTCAGGCAGAATCGACGAGCTGATGTTGATGCTAGAAGGCCACAGAGACGGACAATCAGCAGGGCAAACCAAAACTTGCCTAGGCGCAGCAGGAAACGGCAACACAGTAGATGAATTCGTCAAAACAGAGTGCGACACGGAACAAGACCA, 
G_300R, Tbb1125VSG-3110, 0.0, 2.0, 151, CCG, CGACGCTGTTAATTTACGTC, ACAAGCTCTAGCTCAGACCGCTGGTAGGCCCCTTGCAGATGTGGTAGGCAAAACTCTATGTACTTATTCAAAAACGGCCAAACGCCAGGCAGCAAACCTGGCACAAACACTAGAACGAGCCAGCTCAGCAGCAAAGCAATCCAGACAAGCGCAGCAGTTAGCGGCTTTAGCCCTGGCGAAACTCCCAGAGTACAAAGAAGCAGCCGCGACGCTGTTAATTTACGTCATGATGAAAGTGGAAGCAGCACAAGCAAGCATCGAAAACTGGACAGGAGAGAAGACAAACTAGTAGAGCAGGCGATGTATTCCTCAGGCAGGATAGACGAGCTGATGTTGCTCCTAGAAGGGCACCGGGAGGACGGACCGAGCGGTGCGGACAAAACTTTCCTAGGCGCGGCCGCCGGCGGCAATACAGTAAATGAATTCGTCAAAACAGAATGCGACACGGAACACGACCAC, 
G_300R, Tbb1125VSG-2986, 0.0, 4.0, 96, CCG, GAACGCTGTTAATTTACGTC, ATCGTAATGCTAGTCGCTTCAGCACTGACACTACACACACAACAAGCTCTAGCTCAGACAGCTGGTAGGCCCCTTGCAGATGTGGTCGGCAAAGCTCTATGTACTTATTCAAAAACGGCGAAACGACAGCCAGCGAATCTAGCCCAAGCTCTAGATCGCGCCATCACAGCAGCAAAGAAATCGGAGCAAGCACAGGCGTTAGCAGCCGTTGCCCTGGCCAAGCTCCCAGACTATCAGCAAGAAGCCGGAACGCTGTTAATTTACGTCAGGATGAAAGTGGAAGCAGCACAAGCGAGCATCGAAAACTGGACAGGAGAAAAGACAAAACTGGTAGAGCAGGCGATGTATTCCTCAGGCGGGATAGACGAGCTGATGTTGCTCCTAGAAGGGCACCGGGAGGACCGGGCGAACGGCGCCGACAAAACCTGCCTAGGCGCAGCAACAAGCGGAAACACAGTCGCTGAATTCGTCAAAAGAAATTGCGATACGGAAAATGATCA, 
G_300R, Tbb1125VSG-4156, 0.0, 0.0, 1, CCG, CGACACTGTTAATTTACGCC, ATTGTAATGTTAGTCGCTTCAGCACTGACACTACACCCACAACAAGCTCTAGCTCAGACCGCTGGTAGGCCCCTTGCAGATGTGGTAGGCAAAACTCTATGTACTTATTCAAAAACGGCCAAACGCCAGGCAGCAAACCTGGCGCAAACACTACAACGAGCCAGCTCAGCAGCAAAGCAATCCAGACAAGCGCAGCAGTTAGCGGCTTTAGCACTGGCCAAACTGCCAGACTACAAAGAAGCAGCCGCGACACTGTTAATTTACGCCACGCACAAAATACAAGACGCGCAAGCCAGCATCGAAAACTGGACAGGAGAGAATACTAAGCTAGTTGGCCAGGCGATGTATTCCTCAGGGAGAATCGACGAACTGATGTTGCTACTAGAAGGGCACCGAGAGGACGGCGCGAACGGACAGGACAAAACTTGCCTAGGCGCGGCCGCCGGCGGCAATACAGTAAATGAATTCGTCAAAACAGAATGCGACACGGAAAGCGGCCA, 
G_592, Tbb1125VSG-228, 0.0, 5.0, 138, CGG, AATAGAGACCCGGAAGCAGG, AACTGGTGGGGCAGGCAATGTATTCCTCAGGCAGAATCGACGAGCTGATGTTGATGCTAGAAGGCCACAGAGACGGACAATCAGCAGGGCAAACCAAAACTTGCCTAGGCGCAGCAGGAAACGGCAACACAGTAGATGAATTCGTCAAAACAGAGTGCGACACGGAACAAGACCACAACATCAACGCCGACGAATCAGACATAGAACAAGCGGCAGCAACCCTAAGCCAGGAAAATAGAGACCCGGAAGCAGGCGGCGGAACCAACTGCAAGATCACAGGCAACCTTGCCAGCGACTACGACAGTCATCCAAATGATCTGAGTTTGCTAGGCGGACTGCTAACAATACACAATGGGGGCGGCTTTAAGGCAACGACAACAATAAAAACCGCGGCGGCGGGCAACAAACTAATCAGCGCCCTCGCGAGCAAGGTTAACGACATCGCTGCTAACCTCAAAGCACACACGGAATCGGCACCAACGACCAAACAAGAACTCAAG, 
G_592, Tbb1125VSG-3110, 2.0, 18.0, 369, GGC, GTACAGACCCAGAGGCAGCC, ACTAGTAGAGCAGGCGATGTATTCCTCAGGCAGGATAGACGAGCTGATGTTGCTCCTAGAAGGGCACCGGGAGGACGGACCGAGCGGTGCGGACAAAACTTTCCTAGGCGCGGCCGCCGGCGGCAATACAGTAAATGAATTCGTCAAAACAGAATGCGACACGGAACACGACCACAACATCGAGGCAGACAACTCAAACATAGGGCAAGCGGCGACGACTCTAAGCCAAGAAAGTACAGACCCAGAGGCAGCCGGCAGAAGCGACTGCAAGGTCACAACCAACCTTGCTAGCGACTACGACAGCCATGCGAATGAACTACCGCTACTCGGCGGACTGCTAACCATACACAATGGGGGCGGCTTCAAAAGCGGTCAGACCATACAAACTACAGCAACCACGAACAAGCTAATCAGCGCACTCAAAAATAAGGGCGCCGGTGTCGCCGAGAGCCTAAAAACTGTAACAGCGGCAGCACCTACAAACAAACAGGAGTTCAAGA, 
G_592, Tbb1125VSG-2986, 0.0, 5.0, 108, CGG, AGCACAGACACAGAGGCAGG, AACTGGTAGAGCAGGCGATGTATTCCTCAGGCGGGATAGACGAGCTGATGTTGCTCCTAGAAGGGCACCGGGAGGACCGGGCGAACGGCGCCGACAAAACCTGCCTAGGCGCAGCAACAAGCGGAAACACAGTCGCTGAATTCGTCAAAAGAAATTGCGATACGGAAAATGATCACGACATCAGCGCGGACAACTCAGACATAGGCCAAGCGGCGGCAGATCTAAGCCAAGCAAGCACAGACACAGAGGCAGGCGGCGGAAGCAACTGCAAAATAACAGCAAACCTTGCCAGCGACTACGACAGTCATGCGAATGAACTAACGCTACTCGGCGGGCTGCTAATCATACACAATGAAGGTGGCTTTAAAAGCGGTCAAACCATAAAAACCGCAGCAACCGCGAACAAGCTAATCAGCGCCCTCAAAAATAAAGGAACCAGCGTTGCCAAGAGCCTAAAAACAGTAACAGCGGCAGCACCTACAAACAAACAGGAGTTCAAG, 
G_592, Tbb1125VSG-4156, 0.0, 0.0, 0, CGG, AGTACAGACCCAGAAGCCAG, AGCTAGTTGGCCAGGCGATGTATTCCTCAGGGAGAATCGACGAACTGATGTTGCTACTAGAAGGGCACCGAGAGGACGGCGCGAACGGACAGGACAAAACTTGCCTAGGCGCGGCCGCCGGCGGCAATACAGTAAATGAATTCGTCAAAACAGAATGCGACACGGAAAGCGGCCACAACATCGAGGCAGACAACTCAAACATAGGGCAAGCGGCAACGACTCTAAGCCAAGAAAGTACAGACCCAGAAGCCAGCGGAGGCGCAAGCTGCAAAATAACAGCAAACCTTGCCACTGACTACGACAGCCATGCGAATGAGTTACCGCTACTCGGCGGCCTGCTAACCATACACAACGCAGGCGGCTTCAAAACAGGACAAAGCTTGCAAACCGCAGCACCAACCAACAAGCTAATCAGCGCACTCAAAAATAAGGGCGCCGGTGTCGCAGCTAAACTGGCAACTGTAACGTCGGCAGCACCTACAAGCAAGCAGGAACTCAAA, 
G_792, Tbb1125VSG-228, 2.0, 8.0, 135, TCA, TAACGACATCGCTGCTAACC, ATAGAACAAGCGGCAGCAACCCTAAGCCAGGAAAATAGAGACCCGGAAGCAGGCGGCGGAACCAACTGCAAGATCACAGGCAACCTTGCCAGCGACTACGACAGTCATCCAAATGATCTGAGTTTGCTAGGCGGACTGCTAACAATACACAATGGGGGCGGCTTTAAGGCAACGACAACAATAAAAACCGCGGCGGCGGGCAACAAACTAATCAGCGCCCTCGCGAGCAAGGTTAACGACATCGCTGCTAACCTCAAAGCACACACGGAATCGGCACCAACGACCAAACAAGAACTCAAGACACTACTGGGCAGCAAAGGAGCACGGAGCAAGCTAGAAGCAGCCAACGACGAGTACAATAGCTGGGAAGCAGGAAAAAAGCCTGTAAACTTCGACGAGCACATCAAAAAAGTGTTCGGCGCGGAAGACGGCAAAGACAGCGCCTATGCCCTTGCACTTGAAGGGATATCCATTGAAGTTCCACAAAAACCAGGGACCAC, 
G_792, Tbb1125VSG-3110, 3.0, 17.0, 362, AAA, GCCGGTGTCGCCGAGAGCCT, TAGGGCAAGCGGCGACGACTCTAAGCCAAGAAAGTACAGACCCAGAGGCAGCCGGCAGAAGCGACTGCAAGGTCACAACCAACCTTGCTAGCGACTACGACAGCCATGCGAATGAACTACCGCTACTCGGCGGACTGCTAACCATACACAATGGGGGCGGCTTCAAAAGCGGTCAGACCATACAAACTACAGCAACCACGAACAAGCTAATCAGCGCACTCAAAAATAAGGGCGCCGGTGTCGCCGAGAGCCTAAAAACTGTAACAGCGGCAGCACCTACAAACAAACAGGAGTTCAAGACACTACTGGCCTCAAAAGCCGAGCGTGCCAAACTGCAAGCAGCGAACGAAGAGTATAATAACTGGAAACCAGGCGCCAAGCCCGCGGACTTCGATGCCCACATCAAAAAAGTGTTCGGCGCGGAAGACAACAAAGACAGCGCCTATGCCCTTGCACTTGAAGGGATATCCATTGAGGTTCCCCTCGGAGGAGGACAAACA, 
G_792, Tbb1125VSG-2986, 2.0, 11.0, 77, TAA, AACCAGCGTTGCCAAGAGCC, ATAGGCCAAGCGGCGGCAGATCTAAGCCAAGCAAGCACAGACACAGAGGCAGGCGGCGGAAGCAACTGCAAAATAACAGCAAACCTTGCCAGCGACTACGACAGTCATGCGAATGAACTAACGCTACTCGGCGGGCTGCTAATCATACACAATGAAGGTGGCTTTAAAAGCGGTCAAACCATAAAAACCGCAGCAACCGCGAACAAGCTAATCAGCGCCCTCAAAAATAAAGGAACCAGCGTTGCCAAGAGCCTAAAAACAGTAACAGCGGCAGCACCTACAAACAAACAGGAGTTCAAGACACTACTGGCTTCGAAAGGGGAGCGTGCAAAACTCCAAGCAGCCAACGACGAGTATAATAACTGGAAACCAGGCGCCAAGCCTGTGGACTTCGATGCCCACATCAAGAAAGTGTTCGGCGCAGAAGACGGAAAAGACAGCGCCTATGCCATTGCACTTGAAGGGATATCCATTGAGGTTCCCCACGGAGCAAGGAAAAC, 
G_792, Tbb1125VSG-7358, 2.0, 6.0, 59, TAA, AGCCGGTGTCGCCGAGAGCC, GCGGCTCTACCGCTACTCGGCGGACTGCTAACCATACACAATGGGGGCGGCTTCAAAAACGGCCAGACCATACAAACCACAGCAACCACGAACAAGCTAATCAGCGCACTTAAAAATAAAGGAGCCGGTGTCGCCGAGAGCCTAAAAACTGTAACATCGGCAGCACCTACAAACAAGCAGGAGCTCAAGACACTACTGGCTTCAAAAGGGTAGCGTACCAAACTCCAAGCAGCCAACGACGAGTATAATAACTGGAAACCAGGCGCCAACCTTGAGGACTTCGATGCCCACATCAAGAAAGTGTTCGGCGCAGAAGACAGCAAAGACAGCGCCTATGCCATTGCACGTGAAGGGATATACATTAAAGTTCCAACTAAAGCAGGGAAAAC, 
G_792, Tbb1125VSG-4156, 0.0, 0.0, 0, TGG, CGCCGGTGTCGCAGCTAAAC, ATAGGGCAAGCGGCAACGACTCTAAGCCAAGAAAGTACAGACCCAGAAGCCAGCGGAGGCGCAAGCTGCAAAATAACAGCAAACCTTGCCACTGACTACGACAGCCATGCGAATGAGTTACCGCTACTCGGCGGCCTGCTAACCATACACAACGCAGGCGGCTTCAAAACAGGACAAAGCTTGCAAACCGCAGCACCAACCAACAAGCTAATCAGCGCACTCAAAAATAAGGGCGCCGGTGTCGCAGCTAAACTGGCAACTGTAACGTCGGCAGCACCTACAAGCAAGCAGGAACTCAAAACACTACTGGCTTCGAAAGGGGAACGCGCCAAACTCCAAGCAGCCAACGACGAGTATAATAACTGGAAACCAGGCGCCAAGCCTGAGGACTTCGACGCCCACATCAAGAAAGTGTTCGGCGCAGAAGACGGCAAAGACAGCGCCTATGCCATTGCACTTGAAGGAATATCCATTGAGGTTCCCCTCGGAGGAGGACAAAC, 
G_909R, Tbb1125VSG-228, 1.0, 3.0, 121, GCA, AGCTAGAAGCAGCCAACGAC, CTTGCCAGCGACTACGACAGTCATCCAAATGATCTGAGTTTGCTAGGCGGACTGCTAACAATACACAATGGGGGCGGCTTTAAGGCAACGACAACAATAAAAACCGCGGCGGCGGGCAACAAACTAATCAGCGCCCTCGCGAGCAAGGTTAACGACATCGCTGCTAACCTCAAAGCACACACGGAATCGGCACCAACGACCAAACAAGAACTCAAGACACTACTGGGCAGCAAAGGAGCACGGAGCAAGCTAGAAGCAGCCAACGACGAGTACAATAGCTGGGAAGCAGGAAAAAAGCCTGTAAACTTCGACGAGCACATCAAAAAAGTGTTCGGCGCGGAAGACGGCAAAGACAGCGCCTATGCCCTTGCACTTGAAGGGATATCCATTGAAGTTCCACAAAAACCAGGGACCACAGAAAGCAAACAACTCTATTCCATGCAGCCAAAAGACCTAATGGCAGCTTTAATAGGAACCATAGCAGAAATACAAAAAGCCGC, 
G_909R, Tbb1125VSG-3110, 1.0, 15.0, 362, CAA, ACTGCAAGCAGCGAACGAAG, TTGCTAGCGACTACGACAGCCATGCGAATGAACTACCGCTACTCGGCGGACTGCTAACCATACACAATGGGGGCGGCTTCAAAAGCGGTCAGACCATACAAACTACAGCAACCACGAACAAGCTAATCAGCGCACTCAAAAATAAGGGCGCCGGTGTCGCCGAGAGCCTAAAAACTGTAACAGCGGCAGCACCTACAAACAAACAGGAGTTCAAGACACTACTGGCCTCAAAAGCCGAGCGTGCCAAACTGCAAGCAGCGAACGAAGAGTATAATAACTGGAAACCAGGCGCCAAGCCCGCGGACTTCGATGCCCACATCAAAAAAGTGTTCGGCGCGGAAGACAACAAAGACAGCGCCTATGCCCTTGCACTTGAAGGGATATCCATTGAGGTTCCCCTCGGAGGAGGACAAACACAAAACAAACAACTCTATTCCATGCAGCCAAAAGACCTAATGGCAGCTTTAATAGGAACGATAGCAGAACTCCAAACAGCCGCA, 
G_909R, Tbb1125VSG-2986, 1.0, 0.0, 66, CAA, AACTCCAAGCAGCCAACGAC, CTTGCCAGCGACTACGACAGTCATGCGAATGAACTAACGCTACTCGGCGGGCTGCTAATCATACACAATGAAGGTGGCTTTAAAAGCGGTCAAACCATAAAAACCGCAGCAACCGCGAACAAGCTAATCAGCGCCCTCAAAAATAAAGGAACCAGCGTTGCCAAGAGCCTAAAAACAGTAACAGCGGCAGCACCTACAAACAAACAGGAGTTCAAGACACTACTGGCTTCGAAAGGGGAGCGTGCAAAACTCCAAGCAGCCAACGACGAGTATAATAACTGGAAACCAGGCGCCAAGCCTGTGGACTTCGATGCCCACATCAAGAAAGTGTTCGGCGCAGAAGACGGAAAAGACAGCGCCTATGCCATTGCACTTGAAGGGATATCCATTGAGGTTCCCCACGGAGCAAGGAAAACAGAAAGCAAACAACTTTATTCCATGCAGCCAAAAGGCCTAATGGCAGCTTAAATAGGAACCATAGCAGAACTTCAAACAGCCGC, 
G_909R, Tbb1125VSG-7358, 0.0, 0.0, 65, CCA, AACTCCAAGCAGCCAACGAC, GCGGCTCTACCGCTACTCGGCGGACTGCTAACCATACACAATGGGGGCGGCTTCAAAAACGGCCAGACCATACAAACCACAGCAACCACGAACAAGCTAATCAGCGCACTTAAAAATAAAGGAGCCGGTGTCGCCGAGAGCCTAAAAACTGTAACATCGGCAGCACCTACAAACAAGCAGGAGCTCAAGACACTACTGGCTTCAAAAGGGTAGCGTACCAAACTCCAAGCAGCCAACGACGAGTATAATAACTGGAAACCAGGCGCCAACCTTGAGGACTTCGATGCCCACATCAAGAAAGTGTTCGGCGCAGAAGACAGCAAAGACAGCGCCTATGCCATTGCACGTGAAGGGATATACATTAAAGTTCCAACTAAAGCAGGGAAAACAGAAAGCAGACAACTCTATTCCATGCAGCCAAAAGACTTAATGACAGCTTTAATAGGAACCATAGCAGAACTCCAAACAGCCGC, 
G_909R, Tbb1125VSG-4156, 0.0, 0.0, 0, CCA, AACTCCAAGCAGCCAACGAC, CTTGCCACTGACTACGACAGCCATGCGAATGAGTTACCGCTACTCGGCGGCCTGCTAACCATACACAACGCAGGCGGCTTCAAAACAGGACAAAGCTTGCAAACCGCAGCACCAACCAACAAGCTAATCAGCGCACTCAAAAATAAGGGCGCCGGTGTCGCAGCTAAACTGGCAACTGTAACGTCGGCAGCACCTACAAGCAAGCAGGAACTCAAAACACTACTGGCTTCGAAAGGGGAACGCGCCAAACTCCAAGCAGCCAACGACGAGTATAATAACTGGAAACCAGGCGCCAAGCCTGAGGACTTCGACGCCCACATCAAGAAAGTGTTCGGCGCAGAAGACGGCAAAGACAGCGCCTATGCCATTGCACTTGAAGGAATATCCATTGAGGTTCCCCTCGGAGGAGGACAAACACAAAACAAACAACTCTATTCCATGCAGCCAAAAGACCTAATGGCAGCTTTAATAGGAACGATAGCAGAACTCCAAACAGCCGC, 
G_1357, Tbb1125VSG-228, 1.0, 8.0, 135, AGA, GCAACAACTGATAAGTGTAA, CAGAAATACAAAAAGCCGCAGCGACAAAAGCACCATGCCCAAAGCATAAACTGACAAGCGCTGAAAGTGACGCCCTATGCAGTAAAATAAAGGATGCAAACGAATGCAACAGCAAGCCTTTCTGCAGTTATAACAGCACCGAAACTGACACAGCTAAAAAGTGCCAATTTAATGAAACCAAAGCTGACAAAAGTGGAGTTTCGTTGCCTAAAACCGGACCTACCGGTACTGAAGCAACAACTGATAAGTGTAAAGATAAGACAAAAGATGAGTGCAAATCTCCGAATTGTAAATGGGAGGGCGAAACTTGCAAAGATTCCTCTATTCTAGTAAACAAACAATTCGCCCTCAGCATGGTTTCTGCTGCCTTTATCGGTTTGATATCATTTTAGAATTGTAAGGATTTTTATAAATTTTATGAGTTACGAAAACTTATTATTTTGAGAAACTTCTTA, 
G_1357, Tbb1125VSG-3110, 2.0, 13.0, 300, GGC, CAACAACAGAGAAATGCAAA, AGAACTCCAAACAGCCGCAGCGACGAAACCAGCATGCCCAGGCCATAAACAAACAACCACTGAAAGTGACGCCCTATGCAGTAAAATAAAGGATGCAAACGAATGCAACAGCAAGCATTTCTGCAGTTATAACGGCACCGAAACTGACTCAGCTAAAAAGTGCAAATTTAATGCCTCAAAAGCTTCAGCAAGTGGTGCCCCTGTAACACAAAGTCAAACCGGAGGGAGTGAAACAACAACAGAGAAATGCAAAGGCAAGAAAAAGGATGACTGCAAATCTCCGGATTGTAAATGGGAAGGCGAAACTTGCAGAGACTCTAGTTTCTCATAAATAAGAAATTTTCTCTGATAGCTGCTGCTTTGTGAATTTGGTGGTATTTTAGAATTTTAATGATTTTTATGCAATTTTATGAAAATTTATGAAAATTTTCTATTTCGAGATAATTTAAAATATT, 
G_1357, Tbb1125VSG-2986, 0.0, 6.0, 83, AGG, ACAACAACAGAGAAATGCAA, CAGAACTTCAAACAGCCGCAGCGACGAACACAGTTTGGCCAAAACATAAACAAACAACCACTGAAAGTGACGCTTTATGCAGTAAAATTAAGGACGCAAACAAATGCAGCAGCAAGCCTTTCTGCAGTTATAACGGCACAGAAACTGAATCAGCTAAAAAATGCAAATTTAATGCGACAAAAGCTGAAAACTCCGGCGCTTCTGTAACACAAAGTCAAACCGGAGGGAGTGAAACAACAACAGAGAAATGCAAAGGCAAGAAAAAGCAGGAGGACTGCAAATCTCCG, 
G_1357, Tbb1125VSG-7358, 1.0, 12.0, 189, GGG, CTGCAACAGGAAATCGCAAA, CAGAACTCCAAACAGCCGCAGCGACGAAACCAACATGCCCAGACCATAAACGGGCAACCACTGAAAGTGACGCCCAATGCAGTAAAATAAAGGATGAAAACGAATGCAACAGCAAGCATTTCTGCAGTTATAACGGCACCGAAACTGACTCAACTAAAAAATGCAAATTTGATGCCAAAAAAGCCACATCAAATAGTGTCTCTGTAACACAAACTCAAACTGGAGGACAGAAACTGCAACAGGAAATCGCAAAGGGAAAGAACAAAAAGACTGCAAATCTGCGGATTGTAAATGGGAGAGAACAGATTGCAAAGATTTCAGCATTCTCGTCAATAAGAAATTGGCTCTGAGTATGGCTGCTGCTTTTGTTAGTTTTGCGGCAATTTAAAATTCTATAATTTTAAGGATATTTGCTCAATTTTGCAATATTTATGAAATTTCTTGTTTTGGGAGAA, 
G_1357, Tbb1125VSG-4156, 2.0, 9.0, 167, GAG, ACAACAACATGGAATTTCAA, CAGAACTCCAAACAGCCGCAGCAACCAAACCAGCATGCCCAGGCCATAAACAAACAACCACGGAAAGTGACGCCCTATGCAGTAAAATAAAGGATGCAAACGAATGCAACAGCAAGCATTTCTGCAGTTATAACGGCACCGAAACTGACTCAGCTAAAAAGTGCAAATTTAATGCAACAAAAGCTTCAGCAAGTGATGCCCCTGTAACACAAGGTCAAACTGGAGGGAGTGAAACAACAACATGGAATTTCAAGAGGAAACTACAAGAAGAATGCACCAAGGCTCCAGAATGCAAATGGGAAAATAACGCTTTCAAAGATTCCATTTTTATGGTCAATAATAAATTGGCTCCAGTTGTTTATGGCTTTACGAGTTTTGTGGTATTTTCAAAATTATAGTGAATTTTTTTGCTTAATTTTATAAAATTTATAAAATATTTTATAACTTGATATATT, 
