SM-Antat, test, spike, 2R, R, 7, Tbb1125VSG-228, 538, 19, 19, random_error, TGGTTCTTGAGAGTAACTGGTTCGT
SM-Antat, test, spike, 2R, R, 7, Tbb1125VSG-228, 538, 19, 21, donor_to_target, TGGTTCTTGAGAGTAACTGGTTCGT
SM-Antat, test, spike, 4F, F, 1273, Tbb1125VSG-6, 1219, 94, 97, target_to_donor, TTCCGTCTGGAAGAATTGGGTATTA
SM-Antat, test, spike, 4F, F, 1273, Tbb1125VSG-60, 1219, 94, 97, target_to_donor, TTCCGTCTGGAAGAATTGGGTATTA
SM-Antat, test, spike, 4F, F, 1446, Tbb1125VSG-3110, 1219, 20, 20, random_error, TACGTAGTAAGGGCCTGATAATATA
SM-Antat, test, spike, 4F, F, 1446, Tbb1125VSG-3110, 1219, 54, 54, random_error, TACGTAGTAAGGGCCTGATAATATA
SM-Antat, test, spike, 3F, F, 4168, Tbb1125VSG-6625, 795, 68, 74, target_to_donor, AATTCACCCCAGAAGCGCTGTAGCA
SM-Antat, test, spike, 3F, F, 4168, Tbb1125VSG-6625, 795, 112, 114, donor_to_target_edge, AATTCACCCCAGAAGCGCTGTAGCA
SM-Antat-228, test, spike, 0R, R, 4278, Tbb1125VSG-228, 1375, 115, 171, donor_to_target, CGCGAAACATTGGGAAAACTGCCAG
SM-Antat-228, test, spike, 1F, F, 5149, Tbb1125VSG-2986, 261, 190, 190, random_error, CAAACTGACTGATAACCTGCTATGT
SM-Antat-228, test, spike, 1F, F, 5149, Tbb1125VSG-2986, 261, 211, 211, random_error, CAAACTGACTGATAACCTGCTATGT
SM-Antat-228, test, spike, 1F, F, 5149, Tbb1125VSG-2986, 261, 193, 193, target_to_donor, CAAACTGACTGATAACCTGCTATGT
SM-Antat-228, test, spike, 1F, F, 5149, Tbb1125VSG-3110, 261, 190, 190, random_error, CAAACTGACTGATAACCTGCTATGT
SM-Antat-228, test, spike, 1F, F, 5149, Tbb1125VSG-3110, 261, 211, 211, random_error, CAAACTGACTGATAACCTGCTATGT
SM-Antat-228, test, spike, 1F, F, 5149, Tbb1125VSG-3110, 261, 193, 193, target_to_donor, CAAACTGACTGATAACCTGCTATGT
SM-Antat-228, test, spike, 0R, R, 4277, Tbb1125VSG-1004, 1485, 62, 62, donor_to_target, TTCATCGAACGTCCTGTTAATAAAT
SM-Antat-228, test, spike, 2R, R, 5143, Tbb1125VSG-228, 647, 8, 8, random_target, GCCTTTCGCGTTATCGGATTAGTCA
SM-Antat-228, test, spike, 2R, R, 5143, Tbb1125VSG-228, 647, 12, 12, random_error, GCCTTTCGCGTTATCGGATTAGTCA
SM-Antat-228, test, spike, 2R, R, 5143, Tbb1125VSG-228, 647, 17, 17, random_error, GCCTTTCGCGTTATCGGATTAGTCA
SM-Antat-228, test, spike, 2R, R, 5143, Tbb1125VSG-228, 647, 19, 19, random_error, GCCTTTCGCGTTATCGGATTAGTCA
SM-Antat-228, test, spike, 2R, R, 5143, Tbb1125VSG-228, 647, 20, 20, random_error, GCCTTTCGCGTTATCGGATTAGTCA
SM-Antat-228, test, spike, 2R, R, 5143, Tbb1125VSG-228, 647, 21, 21, random_error, GCCTTTCGCGTTATCGGATTAGTCA
SM-Antat-228, test, spike, 2R, R, 5143, Tbb1125VSG-228, 647, 23, 23, random_error, GCCTTTCGCGTTATCGGATTAGTCA
SM-Antat-228, test, spike, 2R, R, 5143, Tbb1125VSG-228, 647, 19, 22, donor_to_target, GCCTTTCGCGTTATCGGATTAGTCA
SM-Antat-228, test, spike, 2R, R, 5143, Tbb1125VSG-228, 647, 24, 24, random_error, GCCTTTCGCGTTATCGGATTAGTCA
SM-Antat-228, test, spike, 2R, R, 5143, Tbb1125VSG-228, 647, 26, 26, random_error, GCCTTTCGCGTTATCGGATTAGTCA
SM-Antat-228, test, spike, 2R, R, 5143, Tbb1125VSG-228, 647, 23, 25, target_to_donor, GCCTTTCGCGTTATCGGATTAGTCA
SM-Antat-228, test, spike, 2R, R, 5143, Tbb1125VSG-228, 647, 27, 27, random_error, GCCTTTCGCGTTATCGGATTAGTCA
SM-Antat-228, test, spike, 2R, R, 5143, Tbb1125VSG-228, 647, 29, 29, random_error, GCCTTTCGCGTTATCGGATTAGTCA
SM-Antat-228, test, spike, 2R, R, 5143, Tbb1125VSG-228, 647, 26, 28, donor_to_target, GCCTTTCGCGTTATCGGATTAGTCA
SM-Antat-228, test, spike, 2R, R, 5143, Tbb1125VSG-228, 647, 32, 32, random_error, GCCTTTCGCGTTATCGGATTAGTCA
SM-Antat-228, test, spike, 2R, R, 5143, Tbb1125VSG-228, 647, 29, 30, target_to_donor, GCCTTTCGCGTTATCGGATTAGTCA
SM-Antat-228, test, spike, 2R, R, 5143, Tbb1125VSG-228, 647, 35, 35, random_error, GCCTTTCGCGTTATCGGATTAGTCA
SM-Antat-228, test, spike, 2R, R, 5143, Tbb1125VSG-228, 647, 37, 37, random_error, GCCTTTCGCGTTATCGGATTAGTCA
SM-Antat-228, test, spike, 2R, R, 5143, Tbb1125VSG-228, 647, 35, 36, donor_to_target, GCCTTTCGCGTTATCGGATTAGTCA
SM-Antat-228, test, spike, 2R, R, 5143, Tbb1125VSG-228, 647, 37, 39, target_to_donor, GCCTTTCGCGTTATCGGATTAGTCA
SM-Antat-228, test, spike, 2R, R, 5143, Tbb1125VSG-228, 647, 59, 59, random_error, GCCTTTCGCGTTATCGGATTAGTCA
SM-Antat-228, test, spike, 2R, R, 5143, Tbb1125VSG-228, 647, 61, 61, random_error, GCCTTTCGCGTTATCGGATTAGTCA
SM-Antat-228, test, spike, 2R, R, 5143, Tbb1125VSG-228, 647, 63, 63, random_error, GCCTTTCGCGTTATCGGATTAGTCA
SM-Antat-228, test, spike, 2R, R, 5143, Tbb1125VSG-228, 647, 61, 62, donor_to_target, GCCTTTCGCGTTATCGGATTAGTCA
SM-Antat-228, test, spike, 2R, R, 5143, Tbb1125VSG-228, 647, 65, 66, target_to_donor, GCCTTTCGCGTTATCGGATTAGTCA
SM-Antat-228, test, spike, 2R, R, 5143, Tbb1125VSG-228, 647, 71, 71, random_error, GCCTTTCGCGTTATCGGATTAGTCA
SM-Antat-228, test, spike, 2R, R, 5143, Tbb1125VSG-228, 647, 78, 78, random_target, GCCTTTCGCGTTATCGGATTAGTCA
SM-Antat-228, test, spike, 2R, R, 5143, Tbb1125VSG-228, 647, 98, 98, random_error, GCCTTTCGCGTTATCGGATTAGTCA
SM-Antat-228, test, spike, 2R, R, 5143, Tbb1125VSG-228, 647, 106, 106, random_error, GCCTTTCGCGTTATCGGATTAGTCA
SM-Antat-228, test, spike, 2R, R, 5143, Tbb1125VSG-228, 647, 111, 111, random_error, GCCTTTCGCGTTATCGGATTAGTCA
SM-Antat-228, test, spike, 2R, R, 5143, Tbb1125VSG-228, 647, 112, 112, random_error, GCCTTTCGCGTTATCGGATTAGTCA
SM-Antat-228, test, spike, 2R, R, 5143, Tbb1125VSG-228, 647, 113, 113, random_error, GCCTTTCGCGTTATCGGATTAGTCA
SM-Antat-228, test, spike, 2R, R, 5143, Tbb1125VSG-228, 647, 115, 115, random_error, GCCTTTCGCGTTATCGGATTAGTCA
SM-Antat-228, test, spike, 2R, R, 5143, Tbb1125VSG-228, 647, 126, 126, random_target, GCCTTTCGCGTTATCGGATTAGTCA
SM-Antat-228, test, spike, 2R, R, 5143, Tbb1125VSG-228, 647, 128, 128, random_error, GCCTTTCGCGTTATCGGATTAGTCA
SM-Antat-228, test, spike, 2R, R, 5143, Tbb1125VSG-228, 647, 131, 131, random_error, GCCTTTCGCGTTATCGGATTAGTCA
SM-Antat-228, test, spike, 2R, R, 5143, Tbb1125VSG-228, 647, 135, 135, random_error, GCCTTTCGCGTTATCGGATTAGTCA
SM-Antat-228, test, spike, 2R, R, 5143, Tbb1125VSG-228, 647, 137, 137, random_error, GCCTTTCGCGTTATCGGATTAGTCA
SM-Antat-228, test, spike, 2R, R, 5143, Tbb1125VSG-228, 647, 141, 141, random_target, GCCTTTCGCGTTATCGGATTAGTCA
SM-Antat-228, test, spike, 2R, R, 5143, Tbb1125VSG-228, 647, 148, 148, random_error, GCCTTTCGCGTTATCGGATTAGTCA
SM-Antat-228, test, spike, 2R, R, 5143, Tbb1125VSG-228, 647, 149, 149, random_error, GCCTTTCGCGTTATCGGATTAGTCA
