Cntrl,99760,F7,M7,VSG-228
Cntrl,134557,D6,M2.1,VSG-2986
Cntrl,102237,F7,M7,VSG-228
Cntrl,137381,D6,M2.1,VSG-2986
Cntrl,108615,F7,M7,VSG-228
Cntrl,135179,D6,M2.1,VSG-2986
Cntrl,109845,F7,M7,VSG-228
Cntrl,136118,D6,M2.1,VSG-2986
Cntrl,118095,C3,M6,VSG-228p
Cntrl,153234,D8,M5,VSG-228
Cntrl,106680,C10,M4,VSG-2986
Cntrl,157596,A6,M2,VSG-2986
Cntrl,267427,"D9, cntrl",Cntrl,none
Cntrl,123601,C3,M6,VSG-228p
Cntrl,153951,D8,M5,VSG-228
Cntrl,109106,C10,M4,VSG-2986
Cntrl,148311,A6,M2,VSG-2986
Cntrl,264833,"D9, cntrl",Cntrl,none
Cntrl,121089,C3,M6,VSG-228p
Cntrl,155035,D8,M5,VSG-228
Cntrl,107401,C10,M4,VSG-2986
Cntrl,157596,A6,M2,VSG-2986
Cntrl,266776,"D9, cntrl",Cntrl,none
Cntrl,123319,C3,M6,VSG-228p
Cntrl,150399,D8,M5,VSG-228
Cntrl,107885,C10,M4,VSG-2986
Cntrl,157227,A6,M2,VSG-2986
Cntrl,272033,"D9, cntrl",Cntrl,none