E3M7, D15, WT, 1F, F, 1, Tbb1125VSG-2986, 261, 36, 40, target_to_donor, CATGATAAAAGATATCAATATCTTTcon
E3M7, D15, WT, 1F, F, 2, Tbb1125VSG-2986, 261, 36, 40, target_to_donor, GTTCCGGGCGAACGTTATCTGGCGAcon
E2M1, D15, WT, 0R, R, 3, Tbb1125VSG-4131, 1393, 122, 153, donor_to_target, TCAAGACGCTACTCGAATGCAGATAcon
E2M1, D15, WT, 0R, R, 4, Tbb1125VSG-4131, 1428, 87, 118, donor_to_target, TAATACTGGTTTCAAATGCTGGTCCcon
E2M1, D15, WT, 0R, R, 6, Tbb1125VSG-4131, 1383, 132, 163, donor_to_target, TCACACGGAATAACCTTTGGTCCTCcon
E2M2, D15, WT, 1R, R, 8, Tbb1125VSG-479, 1154, 165, 165, random_error, ATAGATATCCTTACTTTTTCAGGTCcon
E2M2, D15, WT, 1R, R, 8, Tbb1125VSG-479, 1154, 166, 166, random_error, ATAGATATCCTTACTTTTTCAGGTCcon
E2M2, D15, WT, 1R, R, 8, Tbb1125VSG-479, 1154, 158, 170, donor_to_target, ATAGATATCCTTACTTTTTCAGGTCcon
E3M7, D15, WT, 0R, R, 9, Tbb1125VSG-479, 1397, 81, 92, donor_to_target, AAACTTATTCCTTTGAACTCCCAGCcon
E3M7, D15, WT, 0R, R, 10, Tbb1125VSG-479, 1338, 140, 151, donor_to_target, TATCAGTTACCCCCCGATGCTCCGAcon
E3M7, D15, WT, 0R, R, 11, Tbb1125VSG-479, 1417, 61, 72, donor_to_target, TCGAACTATAGTCGGGCACCCTGGAcon
E3M7, D15, WT, 0R, R, 12, Tbb1125VSG-479, 1335, 143, 154, donor_to_target, GAGTTACCATTGCTTCTAGATATCGcon
E3M7, D15, WT, 0R, R, 13, Tbb1125VSG-479, 1395, 83, 94, donor_to_target, GTGTTCCGTAGACTTTAGCGCCAGAcon
E3M7, D15, WT, 0R, R, 14, Tbb1125VSG-479, 1410, 68, 79, donor_to_target, CCCCCACCATACCTATAAGTACCTGcon
E3M7, D15, WT, 0R, R, 15, Tbb1125VSG-479, 1338, 140, 151, donor_to_target, GCTTTGATTTTAACTAGCTATGTTGcon
E3M7, D15, WT, 0R, R, 16, Tbb1125VSG-4098, 1363, 43, 52, donor_to_target, AGCATACAAAATCGCTTTCGGCAAAcon
E3M7, D15, WT, 0R, R, 17, Tbb1125VSG-479, 1338, 140, 151, donor_to_target, GTATCAGATGTGGGTGATGGTGTATcon
E3M7, D15, WT, 0R, R, 20, Tbb1125VSG-479, 1395, 83, 94, donor_to_target, ACTTCTGCCGAGGAATCATACTTCAcon
E3M7, D15, WT, 0R, R, 21, Tbb1125VSG-479, 1341, 137, 148, donor_to_target, TTTTATAACAATCGCTCAGTTGTATcon
E3M7, D15, WT, 0R, R, 25, Tbb1125VSG-479, 1385, 93, 104, donor_to_target, TCATAACTAGAATTCCGTAAAAACTcon
E3M7, D15, WT, 0R, R, 26, Tbb1125VSG-479, 1432, 46, 57, donor_to_target, TAGCGATGATGTTTCCGTTTTGCCCcon
E3M7, D15, WT, 0R, R, 28, Tbb1125VSG-479, 1422, 56, 67, donor_to_target, TGCTCCATTCGTCAATCCCTTCAAGcon
E3M7, D15, WT, 0R, R, 29, Tbb1125VSG-479, 1417, 61, 72, donor_to_target, AGTTTGATGACTTTTCCTAGTCTCTcon
E3M7, D15, WT, 0R, R, 31, Tbb1125VSG-479, 1393, 85, 96, donor_to_target, AATGTTGAAGTGTCTCTAAATTTTTcon
E3M7, D15, WT, 0R, R, 32, Tbb1125VSG-479, 1376, 102, 113, donor_to_target, CTACTGTGTAGCATATCCTATTTGCcon
E3M7, D15, WT, 0R, R, 33, Tbb1125VSG-479, 1390, 88, 99, donor_to_target, CTCTCTAATCACCGCCATATGACCTcon
E3M7, D15, WT, 0R, R, 34, Tbb1125VSG-479, 1410, 68, 79, donor_to_target, AACCGTATTTTCTGTACCCTATGGCcon
E3M7, D15, WT, 0R, R, 35, Tbb1125VSG-479, 1410, 68, 79, donor_to_target, CGTTAATCATCCGAGCAAATTCAGTcon
E3M7, D15, WT, 0R, R, 36, Tbb1125VSG-479, 1391, 87, 98, donor_to_target, TATGAACACCCCCCCAACATGCAGTcon
E3M7, D15, WT, 0R, R, 39, Tbb1125VSG-479, 1406, 72, 83, donor_to_target, CTATCTTTTTTACGAACCGAGAGACcon
E3M7, D15, WT, 0R, R, 41, Tbb1125VSG-479, 1338, 140, 151, donor_to_target, AGTCCGATTGACCAGAGAAATTAACcon
E3M7, D15, WT, 0R, R, 42, Tbb1125VSG-479, 1425, 53, 64, donor_to_target, ACTATGCTCGTGGTGTCATTAGATTcon
E3M7, D15, WT, 0R, R, 43, Tbb1125VSG-479, 1393, 85, 96, donor_to_target, TATTGTTATATTGTGCTACTGCTCGcon
E3M7, D15, WT, 0R, R, 44, Tbb1125VSG-479, 1381, 97, 108, donor_to_target, GGTTACAATCCTAGCAGTGTCCTAAcon
E3M7, D15, WT, 0R, R, 49, Tbb1125VSG-479, 1380, 98, 109, donor_to_target, TCTATCAAGTCATGTTAACCGTAAAcon
E3M7, D15, WT, 0R, R, 50, Tbb1125VSG-479, 1412, 66, 77, donor_to_target, GACATCCAATCCCATTTCCACGTTCcon
E3M7, D15, WT, 0R, R, 51, Tbb1125VSG-479, 1330, 148, 159, donor_to_target, ACAGTTCCACCCAGACATCATCCTGcon
E3M7, D15, WT, 0R, R, 52, Tbb1125VSG-479, 1380, 98, 109, donor_to_target, AATACTACTTCGGGAGATTACACTAcon
E3M7, D15, WT, 0R, R, 54, Tbb1125VSG-479, 1375, 103, 114, donor_to_target, GGCGTATTGTTTGCATTATTTTAGTcon
E3M7, D15, WT, 0R, R, 55, Tbb1125VSG-479, 1380, 98, 109, donor_to_target, ACCCACGGTCGGACGTTGTTATTAAcon
E3M7, D15, WT, 0R, R, 56, Tbb1125VSG-479, 1393, 85, 96, donor_to_target, CAGGGTAGGAAAATTGTCGACTACAcon
E3M7, D15, WT, 0R, R, 57, Tbb1125VSG-479, 1420, 58, 69, donor_to_target, TTACGTAAAGGAACATCGTTTCAAGcon
E3M7, D15, WT, 0R, R, 58, Tbb1125VSG-479, 1375, 103, 114, donor_to_target, TCCGAACTTGGACCAAATAACGACTcon
E3M7, D15, WT, 0R, R, 59, Tbb1125VSG-479, 1335, 143, 154, donor_to_target, TAGACTACACTATTCTTTCAGCCTGcon
E3M7, D15, WT, 0R, R, 60, Tbb1125VSG-479, 1341, 137, 148, donor_to_target, AATTTCCCGCCTATCCGTAATTAGGcon
E3M7, D15, WT, 0R, R, 62, Tbb1125VSG-479, 1338, 140, 151, donor_to_target, CTCTTCGAATGAATCTGCTGTCCAGcon
E3M7, D15, WT, 0R, R, 64, Tbb1125VSG-479, 1417, 61, 72, donor_to_target, TCGTTAGCGCGACTGATTACGTAAGcon
E3M7, D15, WT, 0R, R, 65, Tbb1125VSG-479, 1415, 63, 74, donor_to_target, CGAACGCAGCTGAGTTCATTTTCCAcon
E3M7, D15, WT, 0R, R, 66, Tbb1125VSG-479, 1428, 50, 61, donor_to_target, CTGCACACTACTATTAATTTACCGAcon
E3M7, D15, WT, 0R, R, 69, Tbb1125VSG-479, 1380, 98, 109, donor_to_target, TGTTAGGTCGGTGGAACACACTTTCcon
E3M7, D15, WT, 0R, R, 70, Tbb1125VSG-479, 1331, 65, 69, donor_to_target, ATCTTCACACTGGTTATGTGTACTCcon
E3M7, D15, WT, 0R, R, 72, Tbb1125VSG-479, 1426, 52, 63, donor_to_target, TGTAACATGTAGTGTCCAACTCTGCcon
E3M7, D15, WT, 0R, R, 74, Tbb1125VSG-479, 1400, 78, 89, donor_to_target, TTAGCACTCCGGATATCAGACTATCcon
E3M7, D15, WT, 0R, R, 75, Tbb1125VSG-479, 1410, 68, 79, donor_to_target, TTACGCTGGCTCCATCTTTCACCGAcon
E3M7, D15, WT, 0R, R, 76, Tbb1125VSG-479, 1358, 120, 131, donor_to_target, TCAAATCTCTGCTCGTCACCCAAAGcon
E3M7, D15, WT, 0R, R, 77, Tbb1125VSG-479, 1387, 91, 102, donor_to_target, CTCCTATCCCTCATTTAACCCTCTAcon
E3M7, D15, WT, 0R, R, 78, Tbb1125VSG-479, 1380, 98, 109, donor_to_target, CTGTCTTAATTAACTCTATACCGTTcon
E3M7, D15, WT, 0R, R, 79, Tbb1125VSG-479, 1433, 45, 56, donor_to_target, TCTTAAATGACAGGTCCAACATAAAcon
E3M7, D15, WT, 0R, R, 80, Tbb1125VSG-479, 1374, 104, 115, donor_to_target, AGAAAGAATTTATCGAACCCCTTGCcon
E3M7, D15, WT, 0R, R, 81, Tbb1125VSG-479, 1421, 57, 68, donor_to_target, TGCAGTTCTAGTGATGAGTCTAGAGcon
E3M7, D15, WT, 0R, R, 82, Tbb1125VSG-479, 1374, 104, 115, donor_to_target, TTCCGTACGGAATTCTCCTATGTTCcon
E3M7, D15, WT, 0R, R, 83, Tbb1125VSG-479, 1375, 103, 114, donor_to_target, AAAACTCTGGGACTTACGCGCCATGcon
E3M7, D15, WT, 0R, R, 84, Tbb1125VSG-479, 1432, 46, 57, donor_to_target, AGACAACTCATCTACCGAGTTCACAcon
E3M7, D15, WT, 0R, R, 85, Tbb1125VSG-479, 1412, 66, 77, donor_to_target, AGTTCGGCTTATCAATTTAATGTCAcon
E3M7, D15, WT, 0R, R, 86, Tbb1125VSG-479, 1410, 68, 79, donor_to_target, TCACGAATATCATTCATCACCAGATcon
E3M7, D15, WT, 0R, R, 87, Tbb1125VSG-479, 1422, 56, 67, donor_to_target, ACAATGAAGCTTACTCTTCCCAATAcon
E3M7, D15, WT, 0R, R, 88, Tbb1125VSG-4203, 1362, 56, 65, donor_to_target, GTGCTTATAAATTGATCTTCCCAGTcon
E3M7, D15, WT, 0R, R, 90, Tbb1125VSG-479, 1338, 140, 151, donor_to_target, GGCATCACTACTCACTGTCGCATCCcon
E3M7, D15, WT, 0R, R, 91, Tbb1125VSG-479, 1375, 103, 114, donor_to_target, GTTTATACTTGTTTCCCAGGCTCTTcon
E3M7, D15, WT, 0R, R, 92, Tbb1125VSG-479, 1410, 68, 79, donor_to_target, AGTCTATATACGTTACTTAGGTGATcon
E3M7, D15, WT, 0R, R, 93, Tbb1125VSG-479, 1412, 66, 77, donor_to_target, TTCTTCCTGTCCCGTGTCACCTCCAcon
E3M7, D15, WT, 0R, R, 94, Tbb1125VSG-479, 1410, 68, 79, donor_to_target, GGCGACATTGTTTACTCAAAGAACAcon
E3M7, D15, WT, 0R, R, 95, Tbb1125VSG-479, 1397, 81, 92, donor_to_target, ATCTCGGTCGCCTCAGGTGAATCCTcon
E3M7, D15, WT, 0R, R, 97, Tbb1125VSG-4203, 1335, 71, 82, donor_to_target, TGTTCTACACACTGAGTATTTGATCcon
E3M7, D15, WT, 0R, R, 97, Tbb1125VSG-4203, 1335, 101, 101, random_error, TGTTCTACACACTGAGTATTTGATCcon
E3M7, D15, WT, 0R, R, 98, Tbb1125VSG-479, 1417, 61, 72, donor_to_target, GGTTCGTGACAATACCTTACGTTCTcon
E3M7, D15, WT, 0R, R, 99, Tbb1125VSG-479, 1410, 68, 79, donor_to_target, CCCTCGTACTTACAGAATTGTTTGAcon
E3M7, D15, WT, 0R, R, 100, Tbb1125VSG-479, 1352, 126, 137, donor_to_target, AGACGATCCAATGGACATGCAAAGTcon
E3M7, D15, WT, 0R, R, 102, Tbb1125VSG-479, 1421, 57, 68, donor_to_target, ATTATTGAACTTTGCATAATCAATTcon
E3M7, D15, WT, 0R, R, 105, Tbb1125VSG-479, 1417, 61, 72, donor_to_target, TTTTAACGGGCTTACCGAATTGCAAcon
E3M7, D15, WT, 0R, R, 106, Tbb1125VSG-479, 1419, 59, 70, donor_to_target, CAGTTCCCATCGAAATCTCAGTGCTcon
E3M7, D15, WT, 0R, R, 107, Tbb1125VSG-479, 1410, 68, 79, donor_to_target, TTAGGTCTTCTCCAAATATGCGCCTcon
E3M7, D15, WT, 0R, R, 108, Tbb1125VSG-479, 1404, 74, 85, donor_to_target, AAACTATACAACGTTACCGAATGCTcon
E3M7, D15, WT, 0R, R, 109, Tbb1125VSG-479, 1401, 77, 88, donor_to_target, CGATACGACTACGGAGAACGCTACCcon
E3M7, D15, WT, 0R, R, 110, Tbb1125VSG-479, 1403, 75, 86, donor_to_target, AACGTACGGGTACATCCTATTTCGGcon
E3M7, D15, WT, 0R, R, 111, Tbb1125VSG-479, 1332, 146, 157, donor_to_target, CTAATCATTTATGGCTTTGGTGATCcon
E3M7, D15, WT, 0R, R, 114, Tbb1125VSG-479, 1418, 60, 71, donor_to_target, TATGGTGTTTTTTATTGTGCCCCTAcon
E3M7, D15, WT, 0R, R, 115, Tbb1125VSG-479, 1415, 63, 74, donor_to_target, CTAGTTTTCTTAACCCGTGCCGTCCcon
E3M7, D15, WT, 0R, R, 116, Tbb1125VSG-479, 1421, 36, 36, donor_to_target, ACCACACCATGATTAGTTTATAATAcon
E3M7, D15, WT, 0R, R, 116, Tbb1125VSG-479, 1421, 43, 43, random_error, ACCACACCATGATTAGTTTATAATAcon
E3M7, D15, WT, 0R, R, 116, Tbb1125VSG-479, 1421, 44, 44, random_error, ACCACACCATGATTAGTTTATAATAcon
E3M7, D15, WT, 0R, R, 116, Tbb1125VSG-479, 1421, 47, 47, random_error, ACCACACCATGATTAGTTTATAATAcon
E3M7, D15, WT, 0R, R, 116, Tbb1125VSG-479, 1421, 48, 48, random_error, ACCACACCATGATTAGTTTATAATAcon
E3M7, D15, WT, 0R, R, 116, Tbb1125VSG-479, 1421, 51, 51, random_donor, ACCACACCATGATTAGTTTATAATAcon
E3M7, D15, WT, 0R, R, 116, Tbb1125VSG-479, 1421, 54, 54, random_donor, ACCACACCATGATTAGTTTATAATAcon
E3M7, D15, WT, 0R, R, 116, Tbb1125VSG-479, 1421, 56, 56, random_error, ACCACACCATGATTAGTTTATAATAcon
E3M7, D15, WT, 0R, R, 117, Tbb1125VSG-479, 1385, 93, 104, donor_to_target, ATCTATACTCTATAGTCGAAGCCGTcon
E3M7, D15, WT, 0R, R, 119, Tbb1125VSG-479, 1382, 96, 107, donor_to_target, GCAATTGCCCTTACGGCAACGGGTCcon
E3M7, D15, WT, 0R, R, 120, Tbb1125VSG-479, 1339, 139, 150, donor_to_target, CCTAGTATAACATTATAGGATATGGcon
E3M7, D15, WT, 0R, R, 121, Tbb1125VSG-479, 1396, 82, 93, donor_to_target, TGTCAGGGCACCCCATAAGCAAAGTcon
E3M7, D15, WT, 0R, R, 122, Tbb1125VSG-479, 1420, 58, 69, donor_to_target, CATAAATGGTAGTTGGTCATAAATAcon
E3M7, D15, WT, 0R, R, 123, Tbb1125VSG-479, 1417, 61, 72, donor_to_target, TTAATTCTGTGTTTAGACACACTGTcon
E3M7, D15, WT, 0R, R, 124, Tbb1125VSG-479, 1380, 98, 109, donor_to_target, GAAATCTGTACTGATGAACCTCTTTcon
E3M7, D15, WT, 0R, R, 125, Tbb1125VSG-479, 1380, 98, 109, donor_to_target, GCTTCGATCCTACTACAAGCTACTAcon
E3M7, D15, WT, 0R, R, 126, Tbb1125VSG-479, 1406, 72, 83, donor_to_target, CTCAGGGCGGTGCTGGATGTATTAGcon
E3M7, D15, WT, 0R, R, 127, Tbb1125VSG-479, 1375, 103, 114, donor_to_target, TTTGGATAGTCACTACCTTAACAAAcon
E3M7, D15, WT, 0R, R, 128, Tbb1125VSG-479, 1380, 98, 109, donor_to_target, TCAACTAGATTAATTGTTAGTTGAAcon
E3M7, D15, WT, 0R, R, 129, Tbb1125VSG-479, 1427, 51, 62, donor_to_target, TACCTAATTGAATTATGACCCTTCCcon
E3M7, D15, WT, 0R, R, 130, Tbb1125VSG-479, 1397, 81, 92, donor_to_target, TCATGACCGAGCCGAACTTATGTGAcon
E3M7, D15, WT, 0R, R, 131, Tbb1125VSG-4098, 1359, 47, 56, donor_to_target, ACGTCAATTGTTATTTCGGTACGTAcon
E3M7, D15, WT, 0R, R, 133, Tbb1125VSG-479, 1415, 63, 74, donor_to_target, AATGCTACATGACTGCCGATAACTCcon
E3M7, D15, WT, 0R, R, 134, Tbb1125VSG-479, 1433, 45, 56, donor_to_target, TCTAGAAATGACCACATCGTGTGTAcon
E3M7, D15, WT, 0R, R, 135, Tbb1125VSG-479, 1418, 60, 71, donor_to_target, ACGTAATCAGACCGGTTCTACCAATcon
E3M7, D15, WT, 0R, R, 137, Tbb1125VSG-479, 1375, 103, 114, donor_to_target, CATGTTTTAATAAAGTACAATTGAAcon
E3M7, D15, WT, 0R, R, 138, Tbb1125VSG-479, 1411, 67, 78, donor_to_target, TTCACTCCTCATACTTCCGTACACAcon
E3M7, D15, WT, 0R, R, 139, Tbb1125VSG-479, 1380, 98, 109, donor_to_target, TAAACTATTCTTACGCTGTGAAATAcon
E3M7, D15, WT, 0R, R, 140, Tbb1125VSG-479, 1375, 103, 114, donor_to_target, GCTCTTCCACTCCCCTTATAATACAcon
E3M7, D15, WT, 0R, R, 141, Tbb1125VSG-479, 1374, 104, 115, donor_to_target, ATCTACCGACGGGCAGCCCCTCTTGcon
E3M7, D15, WT, 0R, R, 142, Tbb1125VSG-479, 1396, 82, 93, donor_to_target, ACTTGCATTTAAAGTCTGCCTCCTCcon
E3M7, D15, WT, 0R, R, 143, Tbb1125VSG-130, 1354, 163, 166, donor_to_target, GTCATAGGCACATGGAGCGGCCTGCcon
E3M7, D15, WT, 0R, R, 143, Tbb1125VSG-130, 1354, 189, 192, target_to_donor, GTCATAGGCACATGGAGCGGCCTGCcon
E3M7, D15, WT, 0R, R, 143, Tbb1125VSG-130, 1354, 208, 208, random_error, GTCATAGGCACATGGAGCGGCCTGCcon
E3M7, D15, WT, 0R, R, 143, Tbb1125VSG-130, 1354, 194, 219, donor_to_target, GTCATAGGCACATGGAGCGGCCTGCcon
E3M7, D15, WT, 0R, R, 144, Tbb1125VSG-479, 1393, 85, 96, donor_to_target, GCTGGGTGGGCACACTGAATATCCGcon
E3M7, D15, WT, 0R, R, 145, Tbb1125VSG-479, 1380, 98, 109, donor_to_target, CACCAACCAACCACACAACTCTTTCcon
E3M7, D15, WT, 0R, R, 147, Tbb1125VSG-479, 1404, 74, 85, donor_to_target, CTCGCGTTTCTCGCACGCCATGTGCcon
E3M7, D15, WT, 0R, R, 148, Tbb1125VSG-479, 1399, 79, 90, donor_to_target, AACACCGTTGGACCTATGTTATGCTcon
E3M7, D15, WT, 0R, R, 149, Tbb1125VSG-479, 1421, 57, 68, donor_to_target, ACAAGTAGTACAAGCCAACTGAACAcon
E3M7, D15, WT, 0R, R, 150, Tbb1125VSG-479, 1353, 125, 136, donor_to_target, TCAGCAGACGCAATTGTCTAGTAACcon
E3M7, D15, WT, 0R, R, 151, Tbb1125VSG-479, 1417, 61, 72, donor_to_target, ATAGTTTTACGTTATTCCCATTTTGcon
E3M7, D15, WT, 0R, R, 152, Tbb1125VSG-479, 1364, 114, 125, donor_to_target, ATTACCACAGTTCTTTTTGTGGTATcon
E3M7, D15, WT, 0R, R, 153, Tbb1125VSG-479, 1412, 66, 77, donor_to_target, ACTACATAACCACGGACGAAAAGTAcon
E3M7, D15, WT, 0R, R, 154, Tbb1125VSG-479, 1380, 98, 109, donor_to_target, TACGTTTTAGACAATAAAATTTATAcon
E3M7, D15, WT, 0R, R, 156, Tbb1125VSG-479, 1433, 45, 56, donor_to_target, CAAGTGTGTCAAATGCTCTTGCAATcon
E3M7, D15, WT, 0R, R, 157, Tbb1125VSG-479, 1410, 68, 79, donor_to_target, TGTTAATGCACAGATTAGACAAATCcon
E3M7, D15, WT, 0R, R, 158, Tbb1125VSG-479, 1395, 83, 94, donor_to_target, GGGGAGACCCACGTTCTCGGTGTCTcon
E3M7, D15, WT, 1R, R, 160, Tbb1125VSG-1128, 1201, 112, 128, donor_to_target, CCACAAAACTTTTTAATCCTGTAAGcon
E3M7, D15, WT, 1R, R, 161, Tbb1125VSG-1128, 1147, 166, 182, donor_to_target, ACATTTTACACGCGCACTTCACTCAcon
E3M7, D15, WT, 1R, R, 162, Tbb1125VSG-1128, 1166, 147, 163, donor_to_target, ACACGGTCCTACCTTGGTCCTTCGAcon
E3M7, D15, WT, 1R, R, 163, Tbb1125VSG-1128, 1157, 46, 46, random_target, AACATGTTACTTGTAATATTATCGTcon
E3M7, D15, WT, 1R, R, 163, Tbb1125VSG-1128, 1157, 156, 172, donor_to_target, AACATGTTACTTGTAATATTATCGTcon
E3M7, D15, WT, 1R, R, 164, Tbb1125VSG-1128, 1144, 169, 185, donor_to_target, AACACGATGATACTTCGTTGATGTTcon
E3M7, D15, WT, 1R, R, 165, Tbb1125VSG-1128, 1193, 120, 136, donor_to_target, GTTAATGTACAGACCCATTCGAGTGcon
E3M7, D15, WT, 1R, R, 166, Tbb1125VSG-479, 1167, 133, 141, donor_to_target, TACCGTACTACCCGCTACTGATAGTcon
E3M7, D15, WT, 1R, R, 167, Tbb1125VSG-1128, 1102, 211, 227, donor_to_target, GTGGTTACAAGTCCAGTCGAACTAGcon
E3M7, D15, WT, 1R, R, 168, Tbb1125VSG-1128, 1150, 136, 148, donor_to_target, ATAGTAGTTTTAAAGGGCCCTTCTTcon
E3M7, D15, WT, 1R, R, 169, Tbb1125VSG-1128, 1195, 118, 134, donor_to_target, CCGACTATTTGCAAAGTCTAAGAGGcon
E3M7, D15, WT, 1R, R, 171, Tbb1125VSG-479, 1197, 103, 111, donor_to_target, TTTATGCTTACGAAGCTATTGGACCcon
E3M7, D15, WT, 1R, R, 172, Tbb1125VSG-1128, 1161, 152, 168, donor_to_target, TTTCGACATTGGTATTCTGTAACCGcon
E3M7, D15, WT, 1R, R, 173, Tbb1125VSG-1128, 1130, 183, 199, donor_to_target, CCAGATCGTTAGGTCGTGGGAGGTAcon
E3M7, D15, WT, 1R, R, 174, Tbb1125VSG-1128, 1169, 144, 160, donor_to_target, CAAAGTATTTTTGTCTCTCCCCAACcon
E3M7, D15, WT, 1R, R, 175, Tbb1125VSG-479, 1178, 122, 130, donor_to_target, TTCCTGCCCAAATGCCTTTAACTACcon
E3M7, D15, WT, 1R, R, 176, Tbb1125VSG-479, 1184, 116, 124, donor_to_target, ATACCAATGCGCTTTAAGACACGTCcon
E1M8, D15, WT, 1R, R, 177, Tbb1125VSG-1128, 1195, 91, 103, donor_to_target, AATACATCTTGCGTTCTCTGCACTTcon
E1M8, D15, WT, 1R, R, 178, Tbb1125VSG-479, 1157, 168, 172, donor_to_target, TGATGCTTCCGTTCTCGTATTATGGcon
E1M8, D15, WT, 1R, R, 179, Tbb1125VSG-1128, 1151, 162, 178, donor_to_target, CACGACGCTCTTCCGATCTGGGGACcon
E1M8, D15, WT, 1R, R, 180, Tbb1125VSG-1128, 1183, 130, 146, donor_to_target, TCATATAGTATAGGTAAATTGGGCAcon
E1M8, D15, WT, 1R, R, 181, Tbb1125VSG-1128, 1154, 159, 175, donor_to_target, TAAGTACTACGAGGATCCGGGTTCGcon
E1M8, D15, WT, 1R, R, 182, Tbb1125VSG-1128, 1161, 152, 168, donor_to_target, GGCGCCCAACGTTCCTTATTATTTCcon
E1M8, D15, WT, 1R, R, 184, Tbb1125VSG-1128, 1201, 85, 97, donor_to_target, GCCCCGGGGCTACTCCATTGTACCTcon
E1M8, D15, WT, 1R, R, 186, Tbb1125VSG-1128, 1200, 113, 129, donor_to_target, GTTTTGGATTATTGGGTTCCCTGTTcon
E1M8, D15, WT, 1R, R, 187, Tbb1125VSG-1128, 1132, 181, 197, donor_to_target, CATTCTTGTCACATGGCTAGTAAATcon
E1M8, D15, WT, 1R, R, 188, Tbb1125VSG-1128, 1129, 157, 169, donor_to_target, CTACTGGATGTCTGCTAGCGTGTTTcon
E1M8, D15, WT, 1R, R, 189, Tbb1125VSG-1128, 1157, 156, 172, donor_to_target, CTCTTCCTGTCTAGCTAACTCGTCAcon
E1M8, D15, WT, 1R, R, 190, Tbb1125VSG-1128, 1209, 104, 120, donor_to_target, TCTTAATGTGAATGTTCGCAATTCCcon
E1M8, D15, WT, 1R, R, 192, Tbb1125VSG-1128, 1116, 197, 213, donor_to_target, CCTTTCTCCTACCGACCTGACACGCcon
E1M8, D15, WT, 1R, R, 193, Tbb1125VSG-1128, 1187, 99, 111, donor_to_target, GCACTTAATGTAGAATATCTATCTCcon
E1M8, D15, WT, 1R, R, 194, Tbb1125VSG-1128, 1200, 0, 0, random_target, ATTTCAATCTCTTGGTGTAGCGATCcon
E1M8, D15, WT, 1R, R, 194, Tbb1125VSG-1128, 1200, 1, 1, random_error, ATTTCAATCTCTTGGTGTAGCGATCcon
E1M8, D15, WT, 1R, R, 194, Tbb1125VSG-1128, 1200, 2, 2, random_error, ATTTCAATCTCTTGGTGTAGCGATCcon
E1M8, D15, WT, 1R, R, 194, Tbb1125VSG-1128, 1200, 3, 3, random_error, ATTTCAATCTCTTGGTGTAGCGATCcon
E1M8, D15, WT, 1R, R, 194, Tbb1125VSG-1128, 1200, 113, 129, donor_to_target, ATTTCAATCTCTTGGTGTAGCGATCcon
E1M8, D15, WT, 1R, R, 195, Tbb1125VSG-1128, 1201, 112, 128, donor_to_target, AACTCTATTTGATGAATCCCTCGGTcon
E1M8, D15, WT, 1R, R, 196, Tbb1125VSG-1128, 1122, 191, 207, donor_to_target, TACCAGAGGACATAGTTTTAGATTTcon
E1M8, D15, WT, 1R, R, 197, Tbb1125VSG-1128, 1159, 154, 170, donor_to_target, TTCCGAAACGTGGTTTGATAATACCcon
E1M8, D15, WT, 1R, R, 198, Tbb1125VSG-1128, 1114, 199, 215, donor_to_target, CTTTTGAGCAATTTGGCGACATTCAcon
E1M8, D15, WT, 1R, R, 199, Tbb1125VSG-1128, 1159, 154, 170, donor_to_target, TTATTCGTACAGATCTTGGATCTAAcon
E1M8, D15, WT, 1R, R, 200, Tbb1125VSG-1128, 1201, 85, 97, donor_to_target, TTCGCGGTTAATTTTAAGCCGACCAcon
E1M8, D15, WT, 1R, R, 201, Tbb1125VSG-1128, 1148, 165, 181, donor_to_target, TGTGAAGGAATTGGCATCCCTGCCAcon
E1M8, D15, WT, 1R, R, 202, Tbb1125VSG-1128, 1143, 170, 186, donor_to_target, GTTTGCGTGCAAAGTATCAGATGTTcon
E1M8, D15, WT, 1R, R, 203, Tbb1125VSG-1128, 1195, 118, 134, donor_to_target, GGCTGTACCCTTTCTGACTCCTGGGcon
E1M8, D15, WT, 1R, R, 204, Tbb1125VSG-1128, 1130, 183, 199, donor_to_target, GAATCTTGCGCACGGTTGTGACGTAcon
E1M8, D15, WT, 1R, R, 205, Tbb1125VSG-1128, 1147, 166, 182, donor_to_target, ATAGGGGCACATGATACTGCTGGCAcon
E1M8, D15, WT, 1R, R, 206, Tbb1125VSG-1128, 1132, 154, 166, donor_to_target, CTAATTTTTATCACCCTAATTGGGGcon
E1M8, D15, WT, 1R, R, 207, Tbb1125VSG-1128, 1128, 185, 201, donor_to_target, GGCCCTTTCCCTCGCACGTATGACAcon
E1M8, D15, WT, 1R, R, 208, Tbb1125VSG-1128, 1199, 114, 130, donor_to_target, AAGATTTTGAAGGTTATCATGAAAAcon
E1M8, D15, WT, 1R, R, 209, Tbb1125VSG-1128, 1115, 198, 214, donor_to_target, TCCGGCTCCATGCTTCTACAAGCTTcon
E1M8, D15, WT, 1R, R, 210, Tbb1125VSG-1128, 1148, 138, 150, donor_to_target, CAATGCGTTTCGGTTTGACAGGACTcon
E1M8, D15, WT, 1R, R, 211, Tbb1125VSG-1128, 1132, 181, 197, donor_to_target, AGGTAATCGACTACTGAGTGTGCACcon
E1M8, D15, WT, 1R, R, 212, Tbb1125VSG-1128, 1172, 114, 126, donor_to_target, TGGTAGTTGCGTCAAGCTCGCTCCAcon
E1M8, D15, WT, 1R, R, 213, Tbb1125VSG-1128, 1156, 157, 173, donor_to_target, ACGGGCATGTGGATCTCATATCCTGcon
E1M8, D15, WT, 1R, R, 214, Tbb1125VSG-1128, 1204, 109, 125, donor_to_target, TACTGATTGCTTTGTGGACCCACTTcon
E1M8, D15, WT, 1R, R, 215, Tbb1125VSG-1128, 1102, 184, 196, donor_to_target, TAAGTTCTTCTTACAAACCTTAGTGcon
E1M8, D15, WT, 1R, R, 216, Tbb1125VSG-1128, 1148, 165, 181, donor_to_target, ACCCTTAGGATCCCTATTACTATTGcon
E1M8, D15, WT, 1R, R, 218, Tbb1125VSG-1128, 1181, 105, 117, donor_to_target, TGTCTCTGCCAATCTACTCGTGTCGcon
E1M8, D15, WT, 1R, R, 219, Tbb1125VSG-1128, 1130, 183, 199, donor_to_target, TTTCGTTATCGAATTTCATGCCGCTcon
E1M8, D15, WT, 1R, R, 220, Tbb1125VSG-1128, 1151, 162, 178, donor_to_target, GTAATGTCCTCTTGTCTAGTCTTTCcon
E1M8, D15, WT, 1R, R, 221, Tbb1125VSG-1128, 1174, 112, 124, donor_to_target, GCTTCTGATCAATATATCCGATCTCcon
E1M8, D15, WT, 1R, R, 222, Tbb1125VSG-1128, 1177, 136, 152, donor_to_target, CTCCTTTCTTCGAACCAATCAGTAAcon
E1M8, D15, WT, 1R, R, 223, Tbb1125VSG-1128, 1112, 201, 217, donor_to_target, AATTTTACAGTGAACTTGCTTACTCcon
E1M8, D15, WT, 1R, R, 225, Tbb1125VSG-1128, 1201, 112, 128, donor_to_target, ATTGAATAGTGGGTCCGTTATGGGTcon
E1M8, D15, WT, 1R, R, 226, Tbb1125VSG-1128, 1166, 147, 163, donor_to_target, CTTAACGAATGAGAACTTGCGAATTcon
E1M8, D15, WT, 1R, R, 228, Tbb1125VSG-1128, 1108, 205, 221, donor_to_target, GCCATGCTCTTTGCTCTCCAGTCGCcon
E1M8, D15, WT, 0R, R, 229, Tbb1125VSG-462, 1371, 168, 168, random_error, CTGTGTTTCGTGTGCGTATTTTCTCcon
E1M8, D15, WT, 0R, R, 229, Tbb1125VSG-462, 1371, 171, 171, random_error, CTGTGTTTCGTGTGCGTATTTTCTCcon
E1M8, D15, WT, 0R, R, 229, Tbb1125VSG-462, 1371, 137, 175, donor_to_target, CTGTGTTTCGTGTGCGTATTTTCTCcon
E1M8, D15, WT, 0R, R, 229, Tbb1125VSG-462, 1371, 193, 193, random_error, CTGTGTTTCGTGTGCGTATTTTCTCcon
E1M8, D15, WT, 0R, R, 230, Tbb1125VSG-4098, 1335, 122, 134, donor_to_target, ATTTTGCCATGTTTTTCTGTGTTATcon
E1M8, D15, WT, 0R, R, 234, Tbb1125VSG-462, 1382, 157, 157, random_error, TTCTCTACCAATTAACGACTAGGGCcon
E1M8, D15, WT, 0R, R, 234, Tbb1125VSG-462, 1382, 160, 160, random_error, TTCTCTACCAATTAACGACTAGGGCcon
E1M8, D15, WT, 0R, R, 234, Tbb1125VSG-462, 1382, 126, 164, donor_to_target, TTCTCTACCAATTAACGACTAGGGCcon
E1M8, D15, WT, 0R, R, 234, Tbb1125VSG-462, 1382, 182, 182, random_error, TTCTCTACCAATTAACGACTAGGGCcon
E1M8, D15, WT, 0R, R, 235, Tbb1125VSG-462, 1432, 26, 26, random_error, GAATGGTCTAGAACACCGGGTCCTTcon
E1M8, D15, WT, 0R, R, 235, Tbb1125VSG-462, 1432, 70, 75, donor_to_target, GAATGGTCTAGAACACCGGGTCCTTcon
E1M8, D15, WT, 0R, R, 251, Tbb1125VSG-462, 1358, 181, 181, random_error, ACTACATATCTGAGGTTGGCGCGGCcon
E1M8, D15, WT, 0R, R, 251, Tbb1125VSG-462, 1358, 184, 184, random_error, ACTACATATCTGAGGTTGGCGCGGCcon
E1M8, D15, WT, 0R, R, 251, Tbb1125VSG-462, 1358, 150, 188, donor_to_target, ACTACATATCTGAGGTTGGCGCGGCcon
E1M8, D15, WT, 0R, R, 251, Tbb1125VSG-462, 1358, 206, 206, random_error, ACTACATATCTGAGGTTGGCGCGGCcon
E1M8, D15, WT, 0R, R, 252, Tbb1125VSG-462, 1383, 125, 163, donor_to_target, GCTTGAGCAATACGTCATAAGATGTcon
E1M8, D15, WT, 0R, R, 253, Tbb1125VSG-462, 1388, 151, 151, random_error, TATACCTCACCTCAATAAAACCACTcon
E1M8, D15, WT, 0R, R, 253, Tbb1125VSG-462, 1388, 154, 154, random_error, TATACCTCACCTCAATAAAACCACTcon
E1M8, D15, WT, 0R, R, 253, Tbb1125VSG-462, 1388, 120, 158, donor_to_target, TATACCTCACCTCAATAAAACCACTcon
E1M8, D15, WT, 0R, R, 253, Tbb1125VSG-462, 1388, 176, 176, random_error, TATACCTCACCTCAATAAAACCACTcon
E1M8, D15, WT, 0R, R, 255, Tbb1125VSG-462, 1336, 203, 203, random_error, AATCTATATATAGAGGCGGAAACGGcon
E1M8, D15, WT, 0R, R, 255, Tbb1125VSG-462, 1336, 206, 206, random_error, AATCTATATATAGAGGCGGAAACGGcon
E1M8, D15, WT, 0R, R, 255, Tbb1125VSG-462, 1336, 172, 210, donor_to_target, AATCTATATATAGAGGCGGAAACGGcon
E1M8, D15, WT, 0R, R, 255, Tbb1125VSG-462, 1336, 228, 228, random_error, AATCTATATATAGAGGCGGAAACGGcon
E1M8, D15, WT, 0R, R, 262, Tbb1125VSG-462, 1433, 69, 74, donor_to_target, AATCGAACGGTCACTTTCCTATACGcon
E1M8, D15, WT, 0R, R, 266, Tbb1125VSG-462, 1412, 127, 127, random_error, GTAATGCGAATACTACTGGATAACGcon
E1M8, D15, WT, 0R, R, 266, Tbb1125VSG-462, 1412, 130, 130, random_error, GTAATGCGAATACTACTGGATAACGcon
E1M8, D15, WT, 0R, R, 266, Tbb1125VSG-462, 1412, 96, 134, donor_to_target, GTAATGCGAATACTACTGGATAACGcon
E1M8, D15, WT, 0R, R, 266, Tbb1125VSG-462, 1412, 152, 152, random_error, GTAATGCGAATACTACTGGATAACGcon
E1M8, D15, WT, 0R, R, 267, Tbb1125VSG-462, 1418, 144, 144, random_error, ATTCTTGACCTCGAGTTTGATAGATcon
E1M8, D15, WT, 0R, R, 267, Tbb1125VSG-462, 1418, 130, 134, donor_to_target, ATTCTTGACCTCGAGTTTGATAGATcon
E1M8, D15, WT, 0R, R, 271, Tbb1125VSG-462, 1412, 127, 127, random_error, TGTAGTATCACATGCTCGCACCATTcon
E1M8, D15, WT, 0R, R, 271, Tbb1125VSG-462, 1412, 130, 130, random_error, TGTAGTATCACATGCTCGCACCATTcon
E1M8, D15, WT, 0R, R, 271, Tbb1125VSG-462, 1412, 96, 134, donor_to_target, TGTAGTATCACATGCTCGCACCATTcon
E1M8, D15, WT, 0R, R, 271, Tbb1125VSG-462, 1412, 152, 152, random_error, TGTAGTATCACATGCTCGCACCATTcon
E1M8, D15, WT, 0R, R, 274, Tbb1125VSG-462, 1384, 155, 155, random_error, TTTTTACCAAGGTGTCACACTTCACcon
E1M8, D15, WT, 0R, R, 274, Tbb1125VSG-462, 1384, 158, 158, random_error, TTTTTACCAAGGTGTCACACTTCACcon
E1M8, D15, WT, 0R, R, 274, Tbb1125VSG-462, 1384, 124, 162, donor_to_target, TTTTTACCAAGGTGTCACACTTCACcon
E1M8, D15, WT, 0R, R, 274, Tbb1125VSG-462, 1384, 180, 180, random_error, TTTTTACCAAGGTGTCACACTTCACcon
E1M7, D15, WT, 0R, R, 280, Tbb1125VSG-1233, 1367, 17, 17, random_target, TTATTCTAGTGAATTCATCTTCAGCcon
E1M7, D15, WT, 0R, R, 280, Tbb1125VSG-1233, 1367, 29, 34, donor_to_target, TTATTCTAGTGAATTCATCTTCAGCcon
E1M7, D15, WT, 0R, R, 284, Tbb1125VSG-479, 1406, 50, 50, random_target, TGATTCATGTAATTGCCTTTTGAACcon
E1M7, D15, WT, 0R, R, 284, Tbb1125VSG-479, 1406, 88, 95, donor_to_target, TGATTCATGTAATTGCCTTTTGAACcon
E1M7, D15, WT, 0R, R, 285, Tbb1125VSG-479, 1418, 38, 38, random_target, TAACCATCGTCCGAATAGTGCTTATcon
E1M7, D15, WT, 0R, R, 285, Tbb1125VSG-479, 1418, 76, 83, donor_to_target, TAACCATCGTCCGAATAGTGCTTATcon
E1M7, D15, WT, 0R, R, 286, Tbb1125VSG-479, 1338, 118, 118, random_target, ACCCTCTGTTCTTTTCTTAAGCACAcon
E1M7, D15, WT, 0R, R, 286, Tbb1125VSG-479, 1338, 156, 163, donor_to_target, ACCCTCTGTTCTTTTCTTAAGCACAcon
E1M7, D15, WT, 0R, R, 288, Tbb1125VSG-479, 1412, 44, 44, random_target, ATCTTTCATCATATCTGTTTTATTGcon
E1M7, D15, WT, 0R, R, 288, Tbb1125VSG-479, 1412, 82, 89, donor_to_target, ATCTTTCATCATATCTGTTTTATTGcon
E1M7, D15, WT, 0R, R, 289, Tbb1125VSG-454, 1346, 196, 196, random_error, AGGGCCACTAGTTCAACAATGTCATcon
E1M7, D15, WT, 0R, R, 289, Tbb1125VSG-454, 1346, 191, 197, donor_to_target, AGGGCCACTAGTTCAACAATGTCATcon
E1M7, D15, WT, 0R, R, 289, Tbb1125VSG-454, 1346, 215, 215, random_error, AGGGCCACTAGTTCAACAATGTCATcon
E1M7, D15, WT, 0R, R, 291, Tbb1125VSG-479, 1412, 37, 44, donor_to_target, TCCTATTCGCGTTATATTACGTGACcon
E1M7, D15, WT, 0R, R, 291, Tbb1125VSG-479, 1412, 149, 149, random_donor, TCCTATTCGCGTTATATTACGTGACcon
E1M7, D15, WT, 0R, R, 293, Tbb1125VSG-479, 1412, 44, 44, random_target, TGATGGCTTTAGGACTACCTGTGCTcon
E1M7, D15, WT, 0R, R, 293, Tbb1125VSG-479, 1412, 82, 89, donor_to_target, TGATGGCTTTAGGACTACCTGTGCTcon
E1M7, D15, WT, 0R, R, 294, Tbb1125VSG-479, 1341, 49, 49, random_target, TCGATCATGTTCCGTCCTATTTTGAcon
E1M7, D15, WT, 0R, R, 294, Tbb1125VSG-479, 1341, 61, 64, donor_to_target, TCGATCATGTTCCGTCCTATTTTGAcon
E1M7, D15, WT, 0R, R, 294, Tbb1125VSG-479, 1341, 86, 86, random_donor, TCGATCATGTTCCGTCCTATTTTGAcon
E1M7, D15, WT, 0R, R, 300, Tbb1125VSG-462, 1400, 108, 146, donor_to_target, GTTCTCTTTAGACTTGTCCGATTATcon
E1M7, D15, WT, 0R, R, 303, Tbb1125VSG-479, 1396, 53, 60, donor_to_target, TGTACAAATCACCTAACGACATATCcon
E1M7, D15, WT, 0R, R, 304, Tbb1125VSG-479, 1411, 45, 45, random_target, TCCTGGCTTTTCATATCTGAGTAAAcon
E1M7, D15, WT, 0R, R, 304, Tbb1125VSG-479, 1411, 83, 90, donor_to_target, TCCTGGCTTTTCATATCTGAGTAAAcon
E1M7, D15, WT, 0R, R, 305, Tbb1125VSG-479, 1375, 81, 81, random_target, AGTTATTAATATGGCTTTGATTAATcon
E1M7, D15, WT, 0R, R, 305, Tbb1125VSG-479, 1375, 119, 126, donor_to_target, AGTTATTAATATGGCTTTGATTAATcon
E1M7, D15, WT, 0R, R, 306, Tbb1125VSG-479, 1373, 83, 83, random_target, AATCACTAAACACTGGCGCTTTGCAcon
E1M7, D15, WT, 0R, R, 306, Tbb1125VSG-479, 1373, 121, 128, donor_to_target, AATCACTAAACACTGGCGCTTTGCAcon
E1M7, D15, WT, 0R, R, 307, Tbb1125VSG-479, 1411, 45, 45, random_target, AAGTGATTATTAATCGTGTAACGTTcon
E1M7, D15, WT, 0R, R, 307, Tbb1125VSG-479, 1411, 83, 90, donor_to_target, AAGTGATTATTAATCGTGTAACGTTcon
E1M7, D15, WT, 0R, R, 308, Tbb1125VSG-479, 1380, 76, 76, random_target, GTCGGGTTGAATCATCCAACTTGTTcon
E1M7, D15, WT, 0R, R, 308, Tbb1125VSG-479, 1380, 114, 121, donor_to_target, GTCGGGTTGAATCATCCAACTTGTTcon
E1M7, D15, WT, 0R, R, 309, Tbb1125VSG-479, 1410, 46, 46, random_target, CTGTGAAGATATTTGCTGCAGTCCTcon
E1M7, D15, WT, 0R, R, 309, Tbb1125VSG-479, 1410, 84, 91, donor_to_target, CTGTGAAGATATTTGCTGCAGTCCTcon
E1M7, D15, WT, 0R, R, 312, Tbb1125VSG-479, 1341, 115, 115, random_target, CATTTATATTAAAATCGAGCTATTGcon
E1M7, D15, WT, 0R, R, 312, Tbb1125VSG-479, 1341, 153, 160, donor_to_target, CATTTATATTAAAATCGAGCTATTGcon
E1M7, D15, WT, 0R, R, 314, Tbb1125VSG-479, 1434, 22, 22, random_target, ACATAGTGTTGTCGGGCATTCTCTTcon
E1M7, D15, WT, 0R, R, 314, Tbb1125VSG-479, 1434, 60, 67, donor_to_target, ACATAGTGTTGTCGGGCATTCTCTTcon
E1M7, D15, WT, 0R, R, 315, Tbb1125VSG-479, 1380, 76, 76, random_target, TTACCGTGGTAAACGAATGAGTCTCcon
E1M7, D15, WT, 0R, R, 315, Tbb1125VSG-479, 1380, 114, 121, donor_to_target, TTACCGTGGTAAACGAATGAGTCTCcon
E1M7, D15, WT, 0R, R, 316, Tbb1125VSG-479, 1412, 44, 44, random_target, GTAAATCTATCGGTCTGACTCCGCTcon
E1M7, D15, WT, 0R, R, 316, Tbb1125VSG-479, 1412, 82, 89, donor_to_target, GTAAATCTATCGGTCTGACTCCGCTcon
E1M7, D15, WT, 0R, R, 319, Tbb1125VSG-479, 1429, 27, 27, random_target, ATGCTCTTTGTCTTTTCATATTGGTcon
E1M7, D15, WT, 0R, R, 319, Tbb1125VSG-479, 1429, 65, 72, donor_to_target, ATGCTCTTTGTCTTTTCATATTGGTcon
E1M7, D15, WT, 0R, R, 320, Tbb1125VSG-479, 1416, 33, 40, donor_to_target, TCAACATGCAGCTAGCGCGTTCCCGcon
E1M7, D15, WT, 0R, R, 323, Tbb1125VSG-479, 1413, 43, 43, random_target, ACGCTACCCATTAGCCCTGCCACCCcon
E1M7, D15, WT, 0R, R, 323, Tbb1125VSG-479, 1413, 81, 88, donor_to_target, ACGCTACCCATTAGCCCTGCCACCCcon
E1M7, D15, WT, 0R, R, 324, Tbb1125VSG-479, 1387, 69, 69, random_target, ATTCCGAAGCTAGAACCCTTGTACTcon
E1M7, D15, WT, 0R, R, 324, Tbb1125VSG-479, 1387, 107, 114, donor_to_target, ATTCCGAAGCTAGAACCCTTGTACTcon
E1M7, D15, WT, 0R, R, 325, Tbb1125VSG-479, 1340, 116, 116, random_target, TGAAATCAATTGCGTGTTATACTTCcon
E1M7, D15, WT, 0R, R, 325, Tbb1125VSG-479, 1340, 154, 161, donor_to_target, TGAAATCAATTGCGTGTTATACTTCcon
E1M7, D15, WT, 0R, R, 326, Tbb1125VSG-479, 1421, 35, 35, random_target, CGGCATGGTTCTCCCTCCTCCATCGcon
E1M7, D15, WT, 0R, R, 326, Tbb1125VSG-479, 1421, 73, 80, donor_to_target, CGGCATGGTTCTCCCTCCTCCATCGcon
E1M7, D15, WT, 0R, R, 327, Tbb1125VSG-479, 1382, 74, 74, random_target, GTATGGTCTCTGCCTTTCTTTTGTCcon
E1M7, D15, WT, 0R, R, 327, Tbb1125VSG-479, 1382, 112, 119, donor_to_target, GTATGGTCTCTGCCTTTCTTTTGTCcon
E1M7, D15, WT, 0R, R, 328, Tbb1125VSG-479, 1423, 33, 33, random_target, GGCGCTAGTTGAATCACCTGCTTACcon
E1M7, D15, WT, 0R, R, 328, Tbb1125VSG-479, 1423, 71, 78, donor_to_target, GGCGCTAGTTGAATCACCTGCTTACcon
E1M7, D15, WT, 0R, R, 332, Tbb1125VSG-479, 1427, 29, 29, random_target, GCTTGTGAGTCAGAGGTAACTTAAGcon
E1M7, D15, WT, 0R, R, 332, Tbb1125VSG-479, 1427, 67, 74, donor_to_target, GCTTGTGAGTCAGAGGTAACTTAAGcon
E1M7, D15, WT, 0R, R, 333, Tbb1125VSG-1233, 1317, 79, 84, donor_to_target, AAGCAATACTTATTTCTTCCTATGTcon
E1M7, D15, WT, 0R, R, 334, Tbb1125VSG-479, 1373, 83, 83, random_target, TGCGGCAGGTAATACCCGGACGTCAcon
E1M7, D15, WT, 0R, R, 334, Tbb1125VSG-479, 1373, 121, 128, donor_to_target, TGCGGCAGGTAATACCCGGACGTCAcon
E1M7, D15, WT, 0R, R, 335, Tbb1125VSG-479, 1335, 121, 121, random_target, GTAAGGTGCAGAATTAATGGTATTAcon
E1M7, D15, WT, 0R, R, 335, Tbb1125VSG-479, 1335, 159, 166, donor_to_target, GTAAGGTGCAGAATTAATGGTATTAcon
E1M7, D15, WT, 0R, R, 337, Tbb1125VSG-479, 1349, 107, 107, random_target, CGCATTGAGAATAAAGCTCATTATAcon
E1M7, D15, WT, 0R, R, 337, Tbb1125VSG-479, 1349, 145, 152, donor_to_target, CGCATTGAGAATAAAGCTCATTATAcon
E1M7, D15, WT, 0R, R, 338, Tbb1125VSG-479, 1421, 35, 35, random_target, TGCCAAGTACCAAACGTTCCACTGAcon
E1M7, D15, WT, 0R, R, 338, Tbb1125VSG-479, 1421, 73, 80, donor_to_target, TGCCAAGTACCAAACGTTCCACTGAcon
E1M7, D15, WT, 0R, R, 339, Tbb1125VSG-479, 1412, 44, 44, random_target, TCCAACATTAGATATACTGGGTGGTcon
E1M7, D15, WT, 0R, R, 339, Tbb1125VSG-479, 1412, 82, 89, donor_to_target, TCCAACATTAGATATACTGGGTGGTcon
E1M7, D15, WT, 0R, R, 340, Tbb1125VSG-462, 1405, 103, 141, donor_to_target, GCATATCCTGAGCATTAAGCCTACAcon
E1M7, D15, WT, 0R, R, 342, Tbb1125VSG-60, 1334, 38, 38, random_target, TATCTAAGATCTGACACTTGGCGAAcon
E1M7, D15, WT, 0R, R, 342, Tbb1125VSG-60, 1334, 52, 52, random_error, TATCTAAGATCTGACACTTGGCGAAcon
E1M7, D15, WT, 0R, R, 342, Tbb1125VSG-60, 1334, 55, 55, random_error, TATCTAAGATCTGACACTTGGCGAAcon
E1M7, D15, WT, 0R, R, 342, Tbb1125VSG-60, 1334, 61, 61, random_error, TATCTAAGATCTGACACTTGGCGAAcon
E1M7, D15, WT, 0R, R, 342, Tbb1125VSG-60, 1334, 61, 66, donor_to_target, TATCTAAGATCTGACACTTGGCGAAcon
E1M7, D15, WT, 0R, R, 342, Tbb1125VSG-7734, 1334, 6, 6, random_error, TATCTAAGATCTGACACTTGGCGAAcon
E1M7, D15, WT, 0R, R, 342, Tbb1125VSG-7734, 1334, 38, 38, random_target, TATCTAAGATCTGACACTTGGCGAAcon
E1M7, D15, WT, 0R, R, 342, Tbb1125VSG-7734, 1334, 52, 52, random_error, TATCTAAGATCTGACACTTGGCGAAcon
E1M7, D15, WT, 0R, R, 342, Tbb1125VSG-7734, 1334, 55, 55, random_error, TATCTAAGATCTGACACTTGGCGAAcon
E1M7, D15, WT, 0R, R, 342, Tbb1125VSG-7734, 1334, 61, 61, random_error, TATCTAAGATCTGACACTTGGCGAAcon
E1M7, D15, WT, 0R, R, 342, Tbb1125VSG-7734, 1334, 61, 66, donor_to_target, TATCTAAGATCTGACACTTGGCGAAcon
E1M7, D15, WT, 0R, R, 343, Tbb1125VSG-462, 1354, 154, 192, donor_to_target, AAGTCACGGGTACCGCCGTAGACACcon
E1M7, D15, WT, 0R, R, 345, Tbb1125VSG-479, 1414, 35, 42, donor_to_target, CTGAGGTAAAATACTGAGAAAAAGCcon
E1M7, D15, WT, 0R, R, 347, Tbb1125VSG-479, 1335, 121, 121, random_target, TAAAATAGGTCTGAATTTCTCAAATcon
E1M7, D15, WT, 0R, R, 347, Tbb1125VSG-479, 1335, 159, 166, donor_to_target, TAAAATAGGTCTGAATTTCTCAAATcon
E1M7, D15, WT, 0R, R, 348, Tbb1125VSG-1233, 1323, 73, 78, donor_to_target, AAAATGTTCATTCTGACACATCAATcon
E1M7, D15, WT, 1R, R, 350, Tbb1125VSG-4098, 1191, 100, 114, donor_to_target, TCTGCCTTTTAGCTAGATTTCACATcon
E1M7, D15, WT, 1R, R, 351, Tbb1125VSG-1128, 1152, 134, 146, donor_to_target, TCAAGTCCTCTTTAGGTTGTTTTACcon
E1M7, D15, WT, 1R, R, 353, Tbb1125VSG-1128, 1195, 118, 134, donor_to_target, GTGTCCAATAATTCGCACATTAATAcon
E1M7, D15, WT, 1R, R, 354, Tbb1125VSG-1128, 1171, 115, 127, donor_to_target, TAAACTCAGCCAGTGGCCCCTCCTAcon
E1M7, D15, WT, 1R, R, 355, Tbb1125VSG-1128, 1143, 170, 186, donor_to_target, AGCCCTGCTCGGCAATGATTATTTCcon
E1M7, D15, WT, 1R, R, 356, Tbb1125VSG-1128, 1191, 122, 138, donor_to_target, TTAGCATCACGTAATCATTTTGGAAcon
E1M7, D15, WT, 1R, R, 357, Tbb1125VSG-1128, 1145, 141, 153, donor_to_target, GGCAAATTTCGTTTTCTCTTTTCTGcon
E1M7, D15, WT, 1R, R, 358, Tbb1125VSG-1128, 1163, 150, 166, donor_to_target, AGGTGCAGATTTGCTTAAAGTATACcon
E1M7, D15, WT, 1R, R, 359, Tbb1125VSG-479, 1168, 153, 156, donor_to_target, TTGTCAGGTATTTAGCATTCAGCTAcon
E1M7, D15, WT, 1R, R, 360, Tbb1125VSG-1128, 1161, 125, 137, donor_to_target, ACTCACACGAGTGCTACTAAGCCTTcon
E1M7, D15, WT, 1R, R, 361, Tbb1125VSG-60, 1205, 50, 50, random_target, TTGGTTGCTGACATCAGGATAATTTcon
E1M7, D15, WT, 1R, R, 361, Tbb1125VSG-60, 1205, 81, 94, donor_to_target, TTGGTTGCTGACATCAGGATAATTTcon
E2M3, D15, WT, 1R, R, 362, Tbb1125VSG-1128, 1184, 129, 145, donor_to_target, CTTCCATCTGTTCTTAATTAGTTCGcon
E2M3, D15, WT, 1R, R, 363, Tbb1125VSG-1128, 1148, 165, 181, donor_to_target, GGTATGCTACTTCGTTTACCACATTcon
E2M3, D15, WT, 1R, R, 364, Tbb1125VSG-1128, 1183, 130, 146, donor_to_target, TCTTATATCGCACTAAATTACTGTGcon
E2M3, D15, WT, 1R, R, 366, Tbb1125VSG-1128, 1188, 0, 0, random_target, TCCATATGAAACGCGAACTGTACCAcon
E2M3, D15, WT, 1R, R, 366, Tbb1125VSG-1128, 1188, 1, 1, random_error, TCCATATGAAACGCGAACTGTACCAcon
E2M3, D15, WT, 1R, R, 366, Tbb1125VSG-1128, 1188, 2, 2, random_error, TCCATATGAAACGCGAACTGTACCAcon
E2M3, D15, WT, 1R, R, 366, Tbb1125VSG-1128, 1188, 3, 3, random_error, TCCATATGAAACGCGAACTGTACCAcon
E2M3, D15, WT, 1R, R, 366, Tbb1125VSG-1128, 1188, 4, 4, random_error, TCCATATGAAACGCGAACTGTACCAcon
E2M3, D15, WT, 1R, R, 366, Tbb1125VSG-1128, 1188, 6, 6, random_error, TCCATATGAAACGCGAACTGTACCAcon
E2M3, D15, WT, 1R, R, 366, Tbb1125VSG-1128, 1188, 8, 8, random_error, TCCATATGAAACGCGAACTGTACCAcon
E2M3, D15, WT, 1R, R, 366, Tbb1125VSG-1128, 1188, 6, 7, donor_to_target, TCCATATGAAACGCGAACTGTACCAcon
E2M3, D15, WT, 1R, R, 366, Tbb1125VSG-1128, 1188, 10, 10, random_error, TCCATATGAAACGCGAACTGTACCAcon
E2M3, D15, WT, 1R, R, 366, Tbb1125VSG-1128, 1188, 11, 11, random_error, TCCATATGAAACGCGAACTGTACCAcon
E2M3, D15, WT, 1R, R, 366, Tbb1125VSG-1128, 1188, 12, 12, random_error, TCCATATGAAACGCGAACTGTACCAcon
E2M3, D15, WT, 1R, R, 366, Tbb1125VSG-1128, 1188, 14, 14, random_error, TCCATATGAAACGCGAACTGTACCAcon
E2M3, D15, WT, 1R, R, 366, Tbb1125VSG-1128, 1188, 16, 16, random_error, TCCATATGAAACGCGAACTGTACCAcon
E2M3, D15, WT, 1R, R, 366, Tbb1125VSG-1128, 1188, 16, 18, target_to_donor, TCCATATGAAACGCGAACTGTACCAcon
E2M3, D15, WT, 1R, R, 366, Tbb1125VSG-1128, 1188, 23, 23, random_error, TCCATATGAAACGCGAACTGTACCAcon
E2M3, D15, WT, 1R, R, 366, Tbb1125VSG-1128, 1188, 22, 22, donor_to_target, TCCATATGAAACGCGAACTGTACCAcon
E2M3, D15, WT, 1R, R, 366, Tbb1125VSG-1128, 1188, 24, 24, random_error, TCCATATGAAACGCGAACTGTACCAcon
E2M3, D15, WT, 1R, R, 366, Tbb1125VSG-1128, 1188, 25, 25, random_error, TCCATATGAAACGCGAACTGTACCAcon
E2M3, D15, WT, 1R, R, 366, Tbb1125VSG-1128, 1188, 26, 26, random_error, TCCATATGAAACGCGAACTGTACCAcon
E2M3, D15, WT, 1R, R, 366, Tbb1125VSG-1128, 1188, 27, 27, random_error, TCCATATGAAACGCGAACTGTACCAcon
E2M3, D15, WT, 1R, R, 366, Tbb1125VSG-1128, 1188, 23, 28, target_to_donor, TCCATATGAAACGCGAACTGTACCAcon
E2M3, D15, WT, 1R, R, 366, Tbb1125VSG-1128, 1188, 32, 32, random_error, TCCATATGAAACGCGAACTGTACCAcon
E2M3, D15, WT, 1R, R, 366, Tbb1125VSG-1128, 1188, 30, 31, donor_to_target, TCCATATGAAACGCGAACTGTACCAcon
E2M3, D15, WT, 1R, R, 366, Tbb1125VSG-1128, 1188, 34, 34, random_error, TCCATATGAAACGCGAACTGTACCAcon
E2M3, D15, WT, 1R, R, 366, Tbb1125VSG-1128, 1188, 34, 35, target_to_donor, TCCATATGAAACGCGAACTGTACCAcon
E2M3, D15, WT, 1R, R, 366, Tbb1125VSG-1128, 1188, 125, 141, donor_to_target, TCCATATGAAACGCGAACTGTACCAcon
E2M3, D15, WT, 1R, R, 367, Tbb1125VSG-1128, 1161, 152, 168, donor_to_target, TCTCGCAGACGTTGTTGACGGCCCAcon
E2M3, D15, WT, 1R, R, 369, Tbb1125VSG-1128, 1144, 169, 185, donor_to_target, CGACGCAAACCGTCTTGCTAATGGCcon
E1M10, D15, WT, 0R, R, 370, Tbb1125VSG-192, 1391, 66, 77, donor_to_target, TTACTAGATCCGTGGTTGGGAACATcon
E1M10, D15, WT, 0R, R, 371, Tbb1125VSG-192, 1383, 74, 85, donor_to_target, CATTGCGATTTATACCTAGCTTGTCcon
E1M10, D15, WT, 0R, R, 372, Tbb1125VSG-192, 1415, 42, 53, donor_to_target, TTACTTGGCTAGTTGGTATGTGTCTcon
E2M3, D15, WT, 0R, R, 373, Tbb1125VSG-462, 1396, 112, 150, donor_to_target, TTTCCAATGTATACCGGCACTTACCcon
E2M3, D15, WT, 0R, R, 374, Tbb1125VSG-4203, 1344, 74, 83, donor_to_target, AATTTATGTCGCCCAGCGTGATCTTcon
E1M10, D15, WT, 4F, F, 375, Tbb1125VSG-72, 1219, 67, 71, target_to_donor, GAAGCACAACGAAGCCATATCAAACcon
E1M10, D15, WT, 4F, F, 376, Tbb1125VSG-72, 1219, 16, 16, random_error, AAAGTGCCTTTCTCCTTTCCGCCACcon
E1M10, D15, WT, 4F, F, 376, Tbb1125VSG-72, 1219, 67, 71, target_to_donor, AAAGTGCCTTTCTCCTTTCCGCCACcon
E1M10, D15, WT, 4F, F, 377, Tbb1125VSG-72, 1219, 67, 71, target_to_donor, ATTTAAAAGCTTGGGTTCCATTTACcon
E1M10, D15, WT, 4F, F, 378, Tbb1125VSG-72, 1219, 67, 71, target_to_donor, ATGCCCATCTGATACGTTGGTCTTAcon
E1M10, D15, WT, 4F, F, 379, Tbb1125VSG-72, 1219, 67, 71, target_to_donor, CTTCCCCCAAGCTTTTATGCTCCGTcon
E1M10, D15, WT, 4F, F, 380, Tbb1125VSG-72, 1219, 67, 71, target_to_donor, GATTATTACAGCTTTGTCAATAGGCcon
E1M10, D15, WT, 4F, F, 381, Tbb1125VSG-72, 1219, 67, 71, target_to_donor, ATCCCAGTTTCTGCATTTGATCTATcon
E1M10, D15, WT, 4F, F, 382, Tbb1125VSG-72, 1219, 67, 71, target_to_donor, TGTTCGCACACATGCCAAGTGTGATcon
E1M10, D15, WT, 4F, F, 383, Tbb1125VSG-72, 1219, 91, 101, target_to_donor, CCCCGGCTAGGGGGGAGGTCTGAAAcon
E1M10, D15, WT, 4F, F, 384, Tbb1125VSG-72, 1219, 67, 71, target_to_donor, ATTTTTTATAAATGGTACATTACATcon
E1M10, D15, WT, 4F, F, 385, Tbb1125VSG-165, 1219, 67, 79, target_to_donor, ACTAGTTTTAACGGCATCTGCGCAAcon
E1M10, D15, WT, 4F, F, 385, Tbb1125VSG-165, 1219, 111, 111, donor_to_target_edge, ACTAGTTTTAACGGCATCTGCGCAAcon
E1M10, D15, WT, 4F, F, 385, Tbb1125VSG-165.1, 1219, 67, 79, target_to_donor, ACTAGTTTTAACGGCATCTGCGCAAcon
E1M10, D15, WT, 4F, F, 385, Tbb1125VSG-165.1, 1219, 111, 111, donor_to_target_edge, ACTAGTTTTAACGGCATCTGCGCAAcon
E1M10, D15, WT, 4F, F, 385, Tbb1125VSG-5030, 1219, 67, 79, target_to_donor, ACTAGTTTTAACGGCATCTGCGCAAcon
E1M10, D15, WT, 4F, F, 385, Tbb1125VSG-5030, 1219, 111, 111, donor_to_target_edge, ACTAGTTTTAACGGCATCTGCGCAAcon
E1M10, D15, WT, 4F, F, 385, Tbb1125VSG-5069, 1219, 67, 79, target_to_donor, ACTAGTTTTAACGGCATCTGCGCAAcon
E1M10, D15, WT, 4F, F, 385, Tbb1125VSG-5069, 1219, 111, 111, donor_to_target_edge, ACTAGTTTTAACGGCATCTGCGCAAcon
E1M10, D15, WT, 4F, F, 386, Tbb1125VSG-72, 1219, 67, 71, target_to_donor, AGGCATTCCAGTATCAATCTAGCGTcon
E1M10, D15, WT, 4F, F, 387, Tbb1125VSG-72, 1219, 67, 71, target_to_donor, AGCAACACTGCATATAAACATCACTcon
E1M10, D15, WT, 4F, F, 388, Tbb1125VSG-60, 1219, 67, 80, target_to_donor, ATGGTTCCCCTGAGAAATTGCTTCTcon
E1M10, D15, WT, 4F, F, 389, Tbb1125VSG-228, 1219, 52, 110, target_to_donor, AAAAGTGCGTACAGATTTATCTTTAcon
E1M10, D15, WT, 4F, F, 391, Tbb1125VSG-60, 1219, 67, 80, target_to_donor, CGTCTCTGCAACTTCTCCACCTCTAcon
E1M10, D15, WT, 4F, F, 392, Tbb1125VSG-60, 1219, 67, 80, target_to_donor, TACAAAAGAAGACAACCTGAGAATTcon
E1M10, D15, WT, 4F, F, 393, Tbb1125VSG-60, 1219, 67, 80, target_to_donor, TTTCCTACGCGTGATACGATTTGGAcon
E1M10, D15, WT, 4F, F, 394, Tbb1125VSG-72, 1219, 67, 71, target_to_donor, CGAGACTCTCTCTCCCTTTACTGACcon
E1M10, D15, WT, 4F, F, 395, Tbb1125VSG-72, 1219, 67, 71, target_to_donor, TGGAACAGAAATTCAATGGGGACTCcon
E1M10, D15, WT, 4F, F, 396, Tbb1125VSG-72, 1219, 67, 71, target_to_donor, CACAGACCATCTTTCGAGATTGAGGcon
E1M10, D15, WT, 4F, F, 397, Tbb1125VSG-72, 1219, 67, 71, target_to_donor, AACGAGTCGTATAGATTTTTTTTCCcon
E1M10, D15, WT, 4F, F, 398, Tbb1125VSG-72, 1219, 67, 71, target_to_donor, GAATCAATCACTTACGAAATTGAGCcon
E1M10, D15, WT, 4F, F, 399, Tbb1125VSG-72, 1219, 67, 71, target_to_donor, AGAATAACATCATCTAAGGGAGCGGcon
E1M10, D15, WT, 4F, F, 400, Tbb1125VSG-72, 1219, 67, 71, target_to_donor, GACATACGATGGCCGCGTTCCCGTAcon
E1M10, D15, WT, 4F, F, 401, Tbb1125VSG-72, 1219, 67, 71, target_to_donor, TTGTCTTTCCCCAATAAAGGTCACGcon
E1M10, D15, WT, 4F, F, 402, Tbb1125VSG-72, 1219, 67, 71, target_to_donor, CCCGCTGTCCTTCACTGCGTGTCTAcon
E1M10, D15, WT, 4F, F, 403, Tbb1125VSG-165, 1219, 67, 79, target_to_donor, TCTAATTGCACTTCATGCGACTCGCcon
E1M10, D15, WT, 4F, F, 403, Tbb1125VSG-165.1, 1219, 67, 79, target_to_donor, TCTAATTGCACTTCATGCGACTCGCcon
E1M10, D15, WT, 4F, F, 403, Tbb1125VSG-5030, 1219, 67, 79, target_to_donor, TCTAATTGCACTTCATGCGACTCGCcon
E1M10, D15, WT, 4F, F, 403, Tbb1125VSG-5069, 1219, 67, 79, target_to_donor, TCTAATTGCACTTCATGCGACTCGCcon
E1M10, D15, WT, 4F, F, 405, Tbb1125VSG-72, 1219, 67, 71, target_to_donor, GAAAACTCAAATTTCTACATCGACCcon
E1M10, D15, WT, 4F, F, 406, Tbb1125VSG-72, 1219, 67, 71, target_to_donor, TGCAAGAAATGGCCATTACTGCGATcon
E1M10, D15, WT, 4F, F, 407, Tbb1125VSG-165, 1219, 67, 79, target_to_donor, TAATGCCCTTAGGTATAAATTAGTAcon
E1M10, D15, WT, 4F, F, 407, Tbb1125VSG-165.1, 1219, 67, 79, target_to_donor, TAATGCCCTTAGGTATAAATTAGTAcon
E1M10, D15, WT, 4F, F, 407, Tbb1125VSG-1357, 1219, 67, 79, target_to_donor, TAATGCCCTTAGGTATAAATTAGTAcon
E1M10, D15, WT, 4F, F, 407, Tbb1125VSG-1368, 1219, 78, 79, target_to_donor, TAATGCCCTTAGGTATAAATTAGTAcon
E1M10, D15, WT, 4F, F, 407, Tbb1125VSG-1654, 1219, 67, 79, target_to_donor, TAATGCCCTTAGGTATAAATTAGTAcon
E1M10, D15, WT, 4F, F, 407, Tbb1125VSG-5030, 1219, 67, 79, target_to_donor, TAATGCCCTTAGGTATAAATTAGTAcon
E1M10, D15, WT, 4F, F, 407, Tbb1125VSG-5058, 1219, 67, 79, target_to_donor, TAATGCCCTTAGGTATAAATTAGTAcon
E1M10, D15, WT, 4F, F, 407, Tbb1125VSG-5059, 1219, 67, 79, target_to_donor, TAATGCCCTTAGGTATAAATTAGTAcon
E1M10, D15, WT, 4F, F, 407, Tbb1125VSG-5069, 1219, 67, 79, target_to_donor, TAATGCCCTTAGGTATAAATTAGTAcon
E1M10, D15, WT, 4F, F, 407, Tbb1125VSG-5091, 1219, 78, 79, target_to_donor, TAATGCCCTTAGGTATAAATTAGTAcon
E1M10, D15, WT, 4F, F, 407, Tbb1125VSG-5091.1, 1219, 78, 79, target_to_donor, TAATGCCCTTAGGTATAAATTAGTAcon
E1M10, D15, WT, 4F, F, 407, Tbb1125VSG-7633, 1219, 67, 79, target_to_donor, TAATGCCCTTAGGTATAAATTAGTAcon
E1M10, D15, WT, 4F, F, 407, Tbb1125VSG-7633, 1219, 94, 94, donor_to_target_edge, TAATGCCCTTAGGTATAAATTAGTAcon
E1M10, D15, WT, 4F, F, 408, Tbb1125VSG-60, 1219, 67, 80, target_to_donor, ATGAAACAGCCCCTCGCATTACCGTcon
E1M10, D15, WT, 4F, F, 409, Tbb1125VSG-72, 1219, 67, 71, target_to_donor, ATTTGCAATCGTCATTAATGACATAcon
E1M10, D15, WT, 4F, F, 410, Tbb1125VSG-72, 1219, 67, 71, target_to_donor, TCAATACCACAACACTATTTGCACGcon
E1M10, D15, WT, 4F, F, 411, Tbb1125VSG-60, 1219, 67, 80, target_to_donor, CAGTAAATTTTCCCATCCGATGCTCcon
E1M10, D15, WT, 4F, F, 412, Tbb1125VSG-72, 1219, 67, 71, target_to_donor, TTCTTTTGCGCTTTCGGCAGCTTAAcon
E1M10, D15, WT, 4F, F, 413, Tbb1125VSG-165, 1219, 67, 79, target_to_donor, CGCCCAGTTCTTTATAAATCCTTACcon
E1M10, D15, WT, 4F, F, 413, Tbb1125VSG-165.1, 1219, 67, 79, target_to_donor, CGCCCAGTTCTTTATAAATCCTTACcon
E1M10, D15, WT, 4F, F, 413, Tbb1125VSG-5030, 1219, 67, 79, target_to_donor, CGCCCAGTTCTTTATAAATCCTTACcon
E1M10, D15, WT, 4F, F, 413, Tbb1125VSG-5069, 1219, 67, 79, target_to_donor, CGCCCAGTTCTTTATAAATCCTTACcon
E1M10, D15, WT, 4F, F, 414, Tbb1125VSG-72, 1219, 67, 71, target_to_donor, CTAATTTCGATAACCTTGACCTACCcon
E1M10, D15, WT, 4F, F, 415, Tbb1125VSG-72, 1219, 67, 71, target_to_donor, TGGATTTGGTCTATTATCATACTACcon
E1M10, D15, WT, 4F, F, 416, Tbb1125VSG-60, 1219, 67, 80, target_to_donor, TCGGCTCAACCTGGCCGCTCATATTcon
E1M10, D15, WT, 4F, F, 417, Tbb1125VSG-72, 1219, 67, 71, target_to_donor, CATACAAGTACTTGAAACGAAATTCcon
E1M10, D15, WT, 4F, F, 418, Tbb1125VSG-72, 1219, 67, 71, target_to_donor, AAGGTGGCATTCTTGCATATTCTTCcon
E1M10, D15, WT, 4F, F, 419, Tbb1125VSG-72, 1219, 67, 71, target_to_donor, AACTATGCTCCTTTCCGCTTATAACcon
E1M10, D15, WT, 4F, F, 420, Tbb1125VSG-72, 1219, 67, 71, target_to_donor, GGCGGAGATATCCATGCATCCGGTAcon
E1M10, D15, WT, 4F, F, 421, Tbb1125VSG-72, 1219, 67, 71, target_to_donor, AATCCCTGTGGATTGCACACTCTTGcon
E1M10, D15, WT, 4F, F, 422, Tbb1125VSG-72, 1219, 67, 71, target_to_donor, ATCTATTCTGGATCATTAGGTGCCCcon
E1M10, D15, WT, 4F, F, 424, Tbb1125VSG-72, 1219, 67, 71, target_to_donor, ATGCATGTAGCCGTCGATTTACGTTcon
E1M10, D15, WT, 4F, F, 425, Tbb1125VSG-72, 1219, 67, 71, target_to_donor, GCTTCTATTTACCCGGACAAATAAAcon
E1M10, D15, WT, 4F, F, 426, Tbb1125VSG-72, 1219, 67, 71, target_to_donor, TGAATGATATTAGCATTAGGTTGTAcon
E1M10, D15, WT, 4F, F, 427, Tbb1125VSG-72, 1219, 67, 71, target_to_donor, CCGTGCTTGGTCTATTGCCTCTTATcon
E1M10, D15, WT, 4F, F, 428, Tbb1125VSG-72, 1219, 67, 71, target_to_donor, TGCTTAATATTCTTGTATGTCAATTcon
E1M10, D15, WT, 4F, F, 429, Tbb1125VSG-72, 1219, 67, 71, target_to_donor, TGCCTAGATTAATCGCCATTCCCCAcon
E1M10, D15, WT, 4F, F, 430, Tbb1125VSG-72, 1219, 67, 71, target_to_donor, CTCGCACTCTCACATATAACATAATcon
E1M10, D15, WT, 4F, F, 431, Tbb1125VSG-72, 1219, 67, 71, target_to_donor, CCCACTGGCCTTGCGTTCTATATAAcon
E1M10, D15, WT, 4F, F, 432, Tbb1125VSG-72, 1219, 67, 71, target_to_donor, AACTAAAGACTCTAGCCAAAATTGTcon
E1M10, D15, WT, 4F, F, 433, Tbb1125VSG-60, 1219, 67, 80, target_to_donor, ATTATACGTCTATAACCTTTCCATCcon
E2M2, D15, WT, 0R, R, 7, Tbb1125VSG-1521, 1437, 50, 50, random_error, GGATACGTTGAGTGGAGTCTATGCGcon
E3M7, D15, WT, 0R, R, 18, Tbb1125VSG-479, 1436, 91, 91, random_error, TTTCATGCCATCTATAGGATTCATCcon
E3M7, D15, WT, 0R, R, 22, Tbb1125VSG-479, 1437, 128, 128, random_error, GGGTTATTCCCCCTGGCGTTAGCGCcon
E3M7, D15, WT, 0R, R, 22, Tbb1125VSG-479, 1437, 132, 132, random_error, GGGTTATTCCCCCTGGCGTTAGCGCcon
E3M7, D15, WT, 0R, R, 22, Tbb1125VSG-479, 1437, 140, 140, random_error, GGGTTATTCCCCCTGGCGTTAGCGCcon
E3M7, D15, WT, 0R, R, 24, Tbb1125VSG-4098, 1438, 132, 132, random_error, TGATCAGACCATAAAGTTGGATGCGcon
E3M7, D15, WT, 0R, R, 24, Tbb1125VSG-4098, 1438, 134, 134, random_error, TGATCAGACCATAAAGTTGGATGCGcon
E3M7, D15, WT, 0R, R, 24, Tbb1125VSG-4098, 1438, 136, 136, random_error, TGATCAGACCATAAAGTTGGATGCGcon
E3M7, D15, WT, 0R, R, 24, Tbb1125VSG-4098, 1438, 146, 146, random_error, TGATCAGACCATAAAGTTGGATGCGcon
E3M7, D15, WT, 0R, R, 46, Tbb1125VSG-479, 1437, 126, 126, random_error, CTGCTCAGCCATTCTAATTCTAACTcon
E3M7, D15, WT, 0R, R, 46, Tbb1125VSG-479, 1437, 130, 130, random_error, CTGCTCAGCCATTCTAATTCTAACTcon
E3M7, D15, WT, 0R, R, 46, Tbb1125VSG-479, 1437, 138, 138, random_error, CTGCTCAGCCATTCTAATTCTAACTcon
E3M7, D15, WT, 0R, R, 46, Tbb1125VSG-479, 1437, 147, 147, random_target, CTGCTCAGCCATTCTAATTCTAACTcon
E3M7, D15, WT, 0R, R, 68, Tbb1125VSG-479, 1436, 128, 128, random_error, TAGAATTGATAGATTGGCTTTTCCCcon
E3M7, D15, WT, 0R, R, 68, Tbb1125VSG-479, 1436, 132, 132, random_error, TAGAATTGATAGATTGGCTTTTCCCcon
E3M7, D15, WT, 0R, R, 68, Tbb1125VSG-479, 1436, 140, 140, random_target, TAGAATTGATAGATTGGCTTTTCCCcon
E3M7, D15, WT, 0R, R, 68, Tbb1125VSG-479, 1436, 149, 149, donor_to_target_edge, TAGAATTGATAGATTGGCTTTTCCCcon
E1M8, D15, WT, 0R, R, 231, Tbb1125VSG-2564, 1437, 124, 124, random_error, TTCTTGGCGTTTCTCACTGTTGCTGcon
E1M8, D15, WT, 0R, R, 233, Tbb1125VSG-2564, 1436, 18, 18, random_error, TTTGTATTGGAGTTCTTAGGATAGAcon
E1M8, D15, WT, 0R, R, 238, Tbb1125VSG-2564, 1437, 60, 60, random_error, GGAGGGTATGGTATAATACATTGCGcon
E1M8, D15, WT, 0R, R, 245, Tbb1125VSG-2564, 1438, 0, 0, random_error, CACGGTCCTATATATTACGGTCAACcon
E1M8, D15, WT, 0R, R, 245, Tbb1125VSG-2564, 1438, 1, 1, target_to_donor_edge, CACGGTCCTATATATTACGGTCAACcon
E1M8, D15, WT, 0R, R, 248, Tbb1125VSG-2564, 1437, 4, 4, random_error, TGTTGGTTTATATAATTTGCCTGTTcon
E1M8, D15, WT, 0R, R, 250, Tbb1125VSG-2564, 1437, 36, 36, random_error, ACCGATTAAGGTTTTAATCTAACTGcon
E1M8, D15, WT, 0R, R, 254, Tbb1125VSG-2564, 1438, 41, 41, random_error, ATAATATTTTCGTGCAGGTAGTCTAcon
E1M8, D15, WT, 0R, R, 258, Tbb1125VSG-2564, 1437, 4, 4, random_error, CTCCACAGACTTTACACAAGCTTCCcon
E1M8, D15, WT, 0R, R, 264, Tbb1125VSG-2564, 1437, 27, 27, random_error, AATCCTAGATTAACGGCTGGCTAGAcon
E1M8, D15, WT, 0R, R, 269, Tbb1125VSG-2564, 1438, 22, 22, random_error, TGCATTGACCGTTACTGGTGCCGGTcon
E1M8, D15, WT, 0R, R, 273, Tbb1125VSG-2564, 1437, 10, 10, random_error, CCTACGTTTTCTCCGAGTCCTGCAGcon
E1M7, D15, WT, 0R, R, 283, Tbb1125VSG-479, 1437, 136, 136, random_error, TCAGGATGATCAATGGGTGTTACTTcon
E1M7, D15, WT, 0R, R, 287, Tbb1125VSG-479, 1437, 135, 135, random_error, CACATTCCTGCCTATTTCTTATGCCcon
E1M7, D15, WT, 0R, R, 290, Tbb1125VSG-479, 1436, 95, 95, random_error, TTTGGGCCCGTTTTGGTTGCCTATAcon
E1M7, D15, WT, 0R, R, 290, Tbb1125VSG-479, 1436, 140, 140, random_target, TTTGGGCCCGTTTTGGTTGCCTATAcon
E1M7, D15, WT, 0R, R, 290, Tbb1125VSG-479, 1436, 149, 149, donor_to_target_edge, TTTGGGCCCGTTTTGGTTGCCTATAcon
E1M7, D15, WT, 0R, R, 296, Tbb1125VSG-479, 1438, 91, 91, random_error, TTTTTCTGACTTCCTGTCGCATTAAcon
E1M7, D15, WT, 0R, R, 296, Tbb1125VSG-479, 1438, 136, 136, random_error, TTTTTCTGACTTCCTGTCGCATTAAcon
E1M7, D15, WT, 0R, R, 296, Tbb1125VSG-479, 1438, 145, 145, random_error, TTTTTCTGACTTCCTGTCGCATTAAcon
E1M7, D15, WT, 0R, R, 298, Tbb1125VSG-60, 1437, 1, 1, random_error, TGACTTTTTCTCGAGCTGTTGTTTCcon
E1M7, D15, WT, 0R, R, 298, Tbb1125VSG-60, 1437, 4, 4, random_error, TGACTTTTTCTCGAGCTGTTGTTTCcon
E1M7, D15, WT, 0R, R, 298, Tbb1125VSG-60, 1437, 10, 10, random_error, TGACTTTTTCTCGAGCTGTTGTTTCcon
E1M7, D15, WT, 0R, R, 298, Tbb1125VSG-60, 1437, 15, 15, random_target, TGACTTTTTCTCGAGCTGTTGTTTCcon
E1M7, D15, WT, 0R, R, 298, Tbb1125VSG-60, 1437, 19, 19, random_error, TGACTTTTTCTCGAGCTGTTGTTTCcon
E1M7, D15, WT, 0R, R, 298, Tbb1125VSG-60, 1437, 29, 29, random_target, TGACTTTTTCTCGAGCTGTTGTTTCcon
E1M7, D15, WT, 0R, R, 298, Tbb1125VSG-60, 1437, 31, 31, random_error, TGACTTTTTCTCGAGCTGTTGTTTCcon
E1M7, D15, WT, 0R, R, 298, Tbb1125VSG-60, 1437, 118, 118, random_error, TGACTTTTTCTCGAGCTGTTGTTTCcon
E1M7, D15, WT, 0R, R, 298, Tbb1125VSG-60, 1437, 124, 124, random_error, TGACTTTTTCTCGAGCTGTTGTTTCcon
E1M7, D15, WT, 0R, R, 298, Tbb1125VSG-60, 1437, 141, 141, random_error, TGACTTTTTCTCGAGCTGTTGTTTCcon
E1M7, D15, WT, 0R, R, 298, Tbb1125VSG-60, 1437, 140, 140, donor_to_target, TGACTTTTTCTCGAGCTGTTGTTTCcon
E1M7, D15, WT, 0R, R, 298, Tbb1125VSG-60, 1437, 143, 143, random_error, TGACTTTTTCTCGAGCTGTTGTTTCcon
E1M7, D15, WT, 0R, R, 298, Tbb1125VSG-60, 1437, 145, 145, random_error, TGACTTTTTCTCGAGCTGTTGTTTCcon
E1M7, D15, WT, 0R, R, 298, Tbb1125VSG-60, 1437, 143, 146, target_to_donor, TGACTTTTTCTCGAGCTGTTGTTTCcon
E1M7, D15, WT, 0R, R, 298, Tbb1125VSG-60, 1437, 148, 148, random_error, TGACTTTTTCTCGAGCTGTTGTTTCcon
E1M7, D15, WT, 0R, R, 311, Tbb1125VSG-479, 1437, 146, 146, random_target, ACGCCGTCTCTCGTCTGTCTAATCCcon
E1M7, D15, WT, 0R, R, 322, Tbb1125VSG-479, 1437, 80, 80, random_error, ATCCAACAGGGTTTAGCGTAAACGTcon
E1M7, D15, WT, 0R, R, 322, Tbb1125VSG-479, 1437, 95, 95, random_target, ATCCAACAGGGTTTAGCGTAAACGTcon
E1M7, D15, WT, 0R, R, 322, Tbb1125VSG-479, 1437, 98, 98, random_target, ATCCAACAGGGTTTAGCGTAAACGTcon
E1M7, D15, WT, 0R, R, 322, Tbb1125VSG-479, 1437, 107, 107, random_error, ATCCAACAGGGTTTAGCGTAAACGTcon
E1M7, D15, WT, 0R, R, 322, Tbb1125VSG-479, 1437, 121, 121, random_error, ATCCAACAGGGTTTAGCGTAAACGTcon
E1M7, D15, WT, 0R, R, 322, Tbb1125VSG-479, 1437, 124, 124, random_error, ATCCAACAGGGTTTAGCGTAAACGTcon
E1M7, D15, WT, 0R, R, 322, Tbb1125VSG-479, 1437, 125, 125, random_error, ATCCAACAGGGTTTAGCGTAAACGTcon
E1M7, D15, WT, 0R, R, 322, Tbb1125VSG-479, 1437, 126, 126, random_error, ATCCAACAGGGTTTAGCGTAAACGTcon
E1M7, D15, WT, 0R, R, 322, Tbb1125VSG-479, 1437, 128, 128, random_error, ATCCAACAGGGTTTAGCGTAAACGTcon
E1M7, D15, WT, 0R, R, 322, Tbb1125VSG-479, 1437, 130, 130, random_error, ATCCAACAGGGTTTAGCGTAAACGTcon
E1M7, D15, WT, 0R, R, 322, Tbb1125VSG-479, 1437, 128, 129, donor_to_target, ATCCAACAGGGTTTAGCGTAAACGTcon
E1M7, D15, WT, 0R, R, 322, Tbb1125VSG-479, 1437, 132, 132, random_error, ATCCAACAGGGTTTAGCGTAAACGTcon
E1M7, D15, WT, 0R, R, 322, Tbb1125VSG-479, 1437, 130, 131, target_to_donor, ATCCAACAGGGTTTAGCGTAAACGTcon
E1M7, D15, WT, 0R, R, 322, Tbb1125VSG-479, 1437, 134, 134, random_error, ATCCAACAGGGTTTAGCGTAAACGTcon
E1M7, D15, WT, 0R, R, 322, Tbb1125VSG-479, 1437, 136, 136, random_error, ATCCAACAGGGTTTAGCGTAAACGTcon
E1M7, D15, WT, 0R, R, 322, Tbb1125VSG-479, 1437, 137, 137, random_error, ATCCAACAGGGTTTAGCGTAAACGTcon
E1M7, D15, WT, 0R, R, 322, Tbb1125VSG-479, 1437, 138, 138, random_target, ATCCAACAGGGTTTAGCGTAAACGTcon
E1M7, D15, WT, 0R, R, 322, Tbb1125VSG-479, 1437, 146, 146, random_target, ATCCAACAGGGTTTAGCGTAAACGTcon
E1M7, D15, WT, 0R, R, 330, Tbb1125VSG-479, 1437, 140, 140, random_error, CATCTGTTTACCTCAGCCGTACTATcon
E1M7, D15, WT, 0R, R, 336, Tbb1125VSG-479, 1436, 87, 87, random_target, CTAAAAACATGCTCATTCATTGACAcon
E1M7, D15, WT, 0R, R, 336, Tbb1125VSG-479, 1436, 132, 132, random_error, CTAAAAACATGCTCATTCATTGACAcon
E1M7, D15, WT, 0R, R, 336, Tbb1125VSG-479, 1436, 141, 141, random_error, CTAAAAACATGCTCATTCATTGACAcon
E1M7, D15, WT, 0R, R, 336, Tbb1125VSG-479, 1436, 145, 145, random_error, CTAAAAACATGCTCATTCATTGACAcon
E3M6, D15, WT, 0R, R, 440, Tbb1125VSG-2564, 1438, 32, 32, random_error, ACGCTTAGGCGAACGCACACCGTCCcon
E3M6, D15, WT, 0R, R, 441, Tbb1125VSG-2564, 1438, 86, 86, random_error, GGAGCACGAGTTGTAGGTCCCAATTcon
